{
  "energy": -161.68637011494752,
  "atoms": [
    "Na"
  ],
  "charges": [
    [
      0.9999999970028288
    ]
  ],
  "dipoles": [
    [
      1.9789438918862885e-16,
      -2.680148030295494e-15,
      -5.043909330838901e-15
    ]
  ],
  "quadrupoles": [
    [
      -2.1648239501295063,
      1.77261575283042e-15,
      -4.978727913698177e-15,
      -2.1648239501295237,
      -3.3030452750078377e-15,
      -2.164823950129504
    ]
  ],
  "octupoles": [
    [
      1.0149856298882012e-13,
      5.373124426982093e-14,
      -4.658679295808391e-13,
      3.947313572364085e-14,
      -5.825315522634281e-14,
      9.512682258924779e-14,
      -5.889863764198061e-16,
      -1.904141510282275e-13,
      5.711967130466532e-14,
      -2.5667331477057276e-13
    ]
  ],
  "valence_charges": [
    [
      -0.20629993444244538
    ]
  ],
  "valence_widths": [
    [
      0.2534675686330662
    ]
  ],
  "radial_moments": [
    [
      8.264275461091648
    ]
  ]
}