{
  "energy": -161.68637011494752,
  "atoms": [
    "Na"
  ],
  "charges": [
    [
      0.9999999970019129
    ]
  ],
  "dipoles": [
    [
      -4.662404633580357e-15,
      2.1470544506881206e-15,
      -3.2226412689222614e-16
    ]
  ],
  "quadrupoles": [
    [
      -2.1404590805134154,
      -1.8716939212243596e-16,
      -3.550838389504399e-16,
      -2.1404590805134256,
      -2.8891138211775103e-16,
      -2.140459080513423
    ]
  ],
  "octupoles": [
    [
      4.627022818603329e-15,
      1.7184977716248298e-15,
      -1.4831399583264526e-14,
      2.460242280321045e-15,
      -1.7114716535647698e-15,
      2.647188675339233e-15,
      2.2314184409501673e-15,
      -6.220645553049846e-15,
      1.6872223203875774e-15,
      -7.520004831650388e-15
    ]
  ],
  "valence_charges": [
    [
      -0.22250981030417805
    ]
  ],
  "valence_widths": [
    [
      0.2525479286064501
    ]
  ],
  "radial_moments": [
    [
      7.860966565262647
    ]
  ]
}