{
  "energy": -205.10581532202238,
  "atoms": [
    "C",
    "N",
    "N",
    "N",
    "H",
    "H",
    "H",
    "H",
    "H"
  ],
  "charges": [
    [
      1.0348277257121548
    ],
    [
      -1.0355394643453821
    ],
    [
      -1.0062317865962294
    ],
    [
      -0.972224533302335
    ],
    [
      0.4210274918968227
    ],
    [
      0.39435222482069815
    ],
    [
      0.403393238998026
    ],
    [
      0.40486370943566996
    ],
    [
      0.3555440065652525
    ]
  ],
  "dipoles": [
    [
      0.031160687780062556,
      -0.05231664718763739,
      0.0019249974296345976
    ],
    [
      0.019629595207910674,
      0.0019887780301573897,
      0.052633054086870884
    ],
    [
      -0.028613243664941983,
      0.016844023438205673,
      -0.04129965441838616
    ],
    [
      -0.005203043709339586,
      0.11455300027165222,
      -0.0007363369217535449
    ],
    [
      0.0139668525991735,
      0.02321927037021605,
      -0.003847200728526761
    ],
    [
      0.003943400628078324,
      -0.02543104458086945,
      0.009889626944678005
    ],
    [
      -0.025524511255522176,
      0.006605120392558352,
      0.003555925364476551
    ],
    [
      0.010161123042811004,
      -0.02328118151554205,
      -0.008466223763664639
    ],
    [
      -0.01857089138294012,
      0.017906874989700092,
      0.0005734824304666025
    ]
  ],
  "quadrupoles": [
    [
      -2.773161893170159,
      0.02823616040830951,
      -0.02892348754685478,
      -2.800296026432873,
      -0.007904801000376596,
      -2.65053069082336
    ],
    [
      -5.537703045851485,
      -0.0038565061473414598,
      -0.02790961153487711,
      -5.618031877705109,
      0.07420549217337447,
      -5.730767304283606
    ],
    [
      -5.499027870776417,
      0.021601765948008268,
      0.009434641579521492,
      -5.485879491212163,
      -0.09255082937818558,
      -5.663628943099424
    ],
    [
      -5.650280328947033,
      -0.12494718425536216,
      -0.04160246167950883,
      -5.711704374203265,
      -0.013972800663137502,
      -5.5219637109603115
    ],
    [
      -0.24689342640921869,
      -0.007087550538592637,
      0.0012688502533973376,
      -0.2468900841031503,
      -0.003192510319616411,
      -0.2572266306349141
    ],
    [
      -0.26230352218859065,
      0.0031422797567665617,
      -0.0007764867334910643,
      -0.27733469127627275,
      -0.002687576077860431,
      -0.2858939997749998
    ],
    [
      -0.2682057574060427,
      0.004826845742511894,
      -0.0005135205957137681,
      -0.258898261454929,
      0.003931402903130745,
      -0.2742319005323925
    ],
    [
      -0.2544017930089666,
      0.004393775737463217,
      -0.0013461784492997033,
      -0.26812368855360036,
      0.0014377571746104992,
      -0.276250264375665
    ],
    [
      -0.32072299512789754,
      -0.0005937271579633984,
      -0.0008913134943028972,
      -0.3008626139238754,
      -0.0006433631062279076,
      -0.3100588358799334
    ]
  ],
  "octupoles": [
    [
      -0.03475542171658315,
      0.0915386416791393,
      0.012402293565308973,
      0.11684141652573138,
      -0.015057561889441873,
      0.027824931809683227,
      -0.1503518060499833,
      -0.002819429058153523,
      -0.05082688269232183,
      0.008834455815376771
    ],
    [
      0.2613413394693676,
      -0.27619878133216763,
      0.07216800462054182,
      -0.2250088918034116,
      -0.05589317472925714,
      0.13207884464741615,
      0.08125024663612182,
      0.07296769758047943,
      0.29630339931050487,
      0.07210407949557367
    ],
    [
      0.22568639450248812,
      -0.27592824167767505,
      -0.008103965335410392,
      -0.21622378091322758,
      -0.027561302027955988,
      -0.2643425901786459,
      0.2670415169851363,
      -0.06361343205963216,
      0.2570703798682816,
      -0.012284729160854971
    ],
    [
      0.2729004044807017,
      -0.1921094179550285,
      -0.004127957834524519,
      -0.31630755614489453,
      0.02246394426425844,
      -0.04801641058589924,
      0.23950888844282833,
      0.006172693168164128,
      -0.02259704954743394,
      -0.012578690763197354
    ],
    [
      0.0023587335788257434,
      0.003340735050326639,
      -0.004377289207590179,
      0.000493561253084217,
      -0.0005844671493731681,
      -0.0031849022095720996,
      0.008614090758041607,
      -0.004075306179176497,
      0.006341427575493279,
      -0.012114510588570358
    ],
    [
      4.7713380162162196e-05,
      -0.0059560845850257695,
      -0.003389359709426946,
      -0.0011156497729449674,
      -0.0014488164682511344,
      -0.003361317740660327,
      -0.014096767667524547,
      -0.0011789309885927217,
      -0.0018447357402667007,
      -0.005551103822321208
    ],
    [
      -0.009542456367271426,
      -0.001614654557934689,
      0.005167203162231391,
      -0.002293059658838699,
      -0.00029066640234199595,
      -0.0009632852947063697,
      -0.006392951403361103,
      0.004654209922947023,
      0.003376261905460913,
      0.013320456932161613
    ],
    [
      0.008589303994438852,
      -0.004311072750228991,
      0.004331406490393054,
      0.002288956168378927,
      1.7550814406724564e-05,
      0.004219730060966761,
      -0.009896579320087452,
      0.001053034336164561,
      9.969210673799954e-05,
      0.005873218165546346
    ],
    [
      0.017796877392868275,
      0.008718960256345349,
      0.0012841009805808076,
      -0.002379750240701996,
      0.0003268354862577393,
      0.0072445531330676775,
      0.02349282920888105,
      0.0021296033070734794,
      0.007728767429573512,
      0.0037228168926672243
    ]
  ],
  "valence_charges": [
    [
      -3.3042062749081595
    ],
    [
      -6.388894567933177
    ],
    [
      -6.363011955079999
    ],
    [
      -6.318086653873369
    ],
    [
      -0.5789725124285072
    ],
    [
      -0.6056477798457519
    ],
    [
      -0.5966067661467891
    ],
    [
      -0.595136295935578
    ],
    [
      -0.6444559960600914
    ]
  ],
  "valence_widths": [
    [
      0.4556142407461926
    ],
    [
      0.4709657506653926
    ],
    [
      0.46873207369311903
    ],
    [
      0.4732507745304794
    ],
    [
      0.330905881304943
    ],
    [
      0.33876530819512435
    ],
    [
      0.3362624970598352
    ],
    [
      0.33625017258438517
    ],
    [
      0.3484388584851102
    ]
  ],
  "radial_moments": [
    [
      18.20294644135457
    ],
    [
      39.27257868091302
    ],
    [
      38.499786455570025
    ],
    [
      39.55776631945345
    ],
    [
      1.2281465040452861
    ],
    [
      1.3871632494377224
    ],
    [
      1.337143942569317
    ],
    [
      1.331433965952744
    ],
    [
      1.6159245944481013
    ]
  ]
}