{
  "energy": -205.10581532202238,
  "atoms": [
    "C",
    "N",
    "N",
    "N",
    "H",
    "H",
    "H",
    "H",
    "H"
  ],
  "charges": [
    [
      1.1325608332925692
    ],
    [
      -1.063316434343413
    ],
    [
      -1.036515326198916
    ],
    [
      -1.05205234412362
    ],
    [
      0.4286957527534488
    ],
    [
      0.4006891790336664
    ],
    [
      0.4103062598253116
    ],
    [
      0.4122398659792812
    ],
    [
      0.36740534504633127
    ]
  ],
  "dipoles": [
    [
      0.030775040432710152,
      -0.05431039868799943,
      0.0018445157673269922
    ],
    [
      0.011073382398266189,
      -0.004082740303361866,
      0.047969118392570426
    ],
    [
      -0.018404996391303264,
      0.017032439737676604,
      -0.03669062957770488
    ],
    [
      0.00033798699210314234,
      0.14692503327563158,
      0.0009691499089156781
    ],
    [
      0.01553926206411958,
      0.02564939392625883,
      -0.0031666326154365446
    ],
    [
      0.004833787835303756,
      -0.027695242482036152,
      0.01165813735771534
    ],
    [
      -0.028199670192407073,
      0.007873681159473206,
      0.0028002623733682087
    ],
    [
      0.010524151890484302,
      -0.02589516923638823,
      -0.010154052390455285
    ],
    [
      -0.02158049201506093,
      0.01821328939672713,
      0.00016195278489949423
    ]
  ],
  "quadrupoles": [
    [
      -2.6778122299512193,
      0.030847827095919298,
      -0.024464893719253002,
      -2.7126309302913048,
      -0.0067519132500428415,
      -2.524090696857139
    ],
    [
      -5.517387588317993,
      -0.0113071957502279,
      -0.027042855213039205,
      -5.593050413932249,
      0.07246426811750932,
      -5.69751269069165
    ],
    [
      -5.492992481075097,
      0.02479415694878852,
      0.009855372181327213,
      -5.460853640331525,
      -0.09036508542586084,
      -5.639533658630435
    ],
    [
      -5.727830329201805,
      -0.11600977153339823,
      -0.0369243302329104,
      -5.778892178714786,
      -0.01124115910010639,
      -5.670298009075068
    ],
    [
      -0.23597721507027436,
      -0.006195620230133908,
      0.0015876137949243406,
      -0.2346795716082059,
      -0.0026876340751254635,
      -0.24628112021780407
    ],
    [
      -0.2524572452675779,
      0.0030000537899073317,
      -0.0005266671620696128,
      -0.2660781411127422,
      -0.003472436414781694,
      -0.274448016663966
    ],
    [
      -0.2560947741770544,
      0.003817974005674185,
      6.499461276837842e-05,
      -0.2476299465400105,
      0.0036011351237117952,
      -0.2630681316639746
    ],
    [
      -0.24370181849732,
      0.003876667683673605,
      -0.0015724234204336515,
      -0.25611983892216306,
      0.0023029279354077202,
      -0.2642786519417168
    ],
    [
      -0.3012835635877069,
      0.0002920298356875122,
      -0.0005023283100287512,
      -0.2848147810995985,
      -0.0005302845086144976,
      -0.2961369050794901
    ]
  ],
  "octupoles": [
    [
      -0.04264579833070293,
      0.10087947793220935,
      0.012267116563803932,
      0.12711308712086203,
      -0.015111670351641413,
      0.033196300613567487,
      -0.15329143221213962,
      -0.00284696033168815,
      -0.07513438592266021,
      0.007365905869066935
    ],
    [
      0.1994371050164816,
      -0.2966433882372935,
      0.07630443502915515,
      -0.25643087918699575,
      -0.050791307058859314,
      0.10691708573992563,
      -0.007939721636352239,
      0.0885145921601518,
      0.2633162375491648,
      0.055511902342663365
    ],
    [
      0.3153338645174185,
      -0.29262530653720453,
      -0.01968796854129303,
      -0.17727101935881157,
      -0.01943074487753102,
      -0.2294355786984504,
      0.257369655666433,
      -0.07572761502319877,
      0.2459024586180179,
      -0.0024354749715759854
    ],
    [
      0.348498667911385,
      -0.12841879141716214,
      -0.0018850593249414619,
      -0.2934331673795151,
      0.02334281838739776,
      -0.017521698956992116,
      0.4703373724713022,
      0.010466293598466136,
      0.03464068359390438,
      -0.0035757005418028216
    ],
    [
      0.005148150398812773,
      0.004681974084198081,
      -0.003980398703458196,
      0.0013324081779798069,
      -0.0004631297404579565,
      -0.0014349631995974228,
      0.01441817205481743,
      -0.0033225827138787063,
      0.008393098330087256,
      -0.009602397701406053
    ],
    [
      0.001533996290994128,
      -0.007460640066362309,
      -0.0020356154178285484,
      -0.0007068563163307965,
      -0.0010768519531006396,
      -0.002516876202928914,
      -0.01860375557741638,
      -0.0004593814134386733,
      -0.0036225859425016273,
      -1.5172083140304057e-05
    ],
    [
      -0.014166664530614869,
      -0.0005333113151224746,
      0.004537483560556892,
      -0.004460989621870843,
      -4.1677087126692485e-05,
      -0.0036843411522692123,
      -0.002813875885578961,
      0.003995795568318515,
      0.004339125692515243,
      0.010404456506401046
    ],
    [
      0.009676602395568237,
      -0.006071213221631355,
      0.002833416054219959,
      0.002555409576988652,
      -3.417016842765049e-05,
      0.0044014649218263955,
      -0.01502122820143873,
      0.0004589995521596126,
      -0.002108269442611078,
      0.0005859618310150188
    ],
    [
      0.00805563368538151,
      0.00818158027074753,
      0.0008329327661841044,
      -0.004387124824858339,
      0.00024628323951318026,
      0.0036567827729076874,
      0.024619404802799113,
      0.0016836546499423022,
      0.008209053681330465,
      0.0026622403861765453
    ]
  ],
  "valence_charges": [
    [
      -3.2036373112380345
    ],
    [
      -6.427959391376983
    ],
    [
      -6.404180004562969
    ],
    [
      -6.405593175631669
    ],
    [
      -0.5713042511921533
    ],
    [
      -0.5993108252174475
    ],
    [
      -0.5896937448228536
    ],
    [
      -0.5877601388546305
    ],
    [
      -0.632594657583524
    ]
  ],
  "valence_widths": [
    [
      0.454160824279541
    ],
    [
      0.46969794918280156
    ],
    [
      0.4676928397850147
    ],
    [
      0.4751951645276769
    ],
    [
      0.32610418642888783
    ],
    [
      0.3343652583883053
    ],
    [
      0.33148229717561156
    ],
    [
      0.3315558830914467
    ],
    [
      0.34279716734614724
    ]
  ],
  "radial_moments": [
    [
      17.387417605426293
    ],
    [
      38.57408453896057
    ],
    [
      37.883265524231035
    ],
    [
      40.03450677034166
    ],
    [
      1.1474004963349709
    ],
    [
      1.30665789468146
    ],
    [
      1.252876394074925
    ],
    [
      1.2472246542063574
    ],
    [
      1.4968272609312978
    ]
  ]
}