{
  "energy": -599.1730423329341,
  "atoms": [
    "K"
  ],
  "charges": [
    [
      1.0000000121993422
    ]
  ],
  "dipoles": [
    [
      1.9072208958239468e-15,
      -1.9805977227609614e-15,
      -3.4838862442975655e-14
    ]
  ],
  "quadrupoles": [
    [
      -6.5684580101223355,
      4.762077474935513e-16,
      -2.75709997129272e-15,
      -6.56845801253803,
      8.987430506696726e-15,
      -6.5684580108094215
    ]
  ],
  "octupoles": [
    [
      -1.0524785551489981e-13,
      3.452172972309968e-15,
      -2.264804276636808e-14,
      -3.1081165398631456e-14,
      -2.921006189812419e-15,
      -3.0765906511926983e-14,
      -1.4301627627705373e-13,
      -1.7803838372258864e-14,
      -2.37735639541813e-14,
      -2.3848182636414645e-13
    ]
  ],
  "valence_charges": [
    [
      -0.3348766522211615
    ]
  ],
  "valence_widths": [
    [
      0.4085350333260746
    ]
  ],
  "radial_moments": [
    [
      35.73030040966099
    ]
  ]
}