{
  "energy": -599.1730423329341,
  "atoms": [
    "K"
  ],
  "charges": [
    [
      1.000000012199188
    ]
  ],
  "dipoles": [
    [
      -7.83927563530958e-15,
      -3.45922542894609e-15,
      -3.404879710323486e-14
    ]
  ],
  "quadrupoles": [
    [
      -6.525493096754238,
      1.4285771814488582e-15,
      -1.0611846874468542e-15,
      -6.525493096442427,
      7.275850270185987e-15,
      -6.525493096766972
    ]
  ],
  "octupoles": [
    [
      -7.811066116807717e-14,
      6.8550917440775814e-15,
      -1.9187444439024237e-14,
      -2.4430170527228693e-14,
      -1.5814906563618304e-15,
      -2.4480802768683766e-14,
      -9.638009029785988e-14,
      -2.1159463671663883e-14,
      -2.1509986234028447e-14,
      -2.5440161800160014e-13
    ]
  ],
  "valence_charges": [
    [
      -0.3326127410010421
    ]
  ],
  "valence_widths": [
    [
      0.40715512440038587
    ]
  ],
  "radial_moments": [
    [
      35.23707186123479
    ]
  ]
}