{
  "energy": -306.7452121170159,
  "atoms": [
    "C",
    "C",
    "O",
    "O",
    "C",
    "H",
    "H",
    "H",
    "H",
    "C",
    "H",
    "H",
    "H"
  ],
  "charges": [
    [
      -0.45711302393399794
    ],
    [
      0.9253148945798625
    ],
    [
      -0.8283848434424468
    ],
    [
      -0.855011506659235
    ],
    [
      -0.084972396488486
    ],
    [
      0.11515874611966063
    ],
    [
      0.11516263513068703
    ],
    [
      0.0892964307808301
    ],
    [
      0.08927970555177088
    ],
    [
      -0.42174854845365944
    ],
    [
      0.10830106185161044
    ],
    [
      0.09641464803327769
    ],
    [
      0.10830041602075997
    ]
  ],
  "dipoles": [
    [
      -0.04871316998784943,
      -0.07256935369509453,
      -0.000670519420512792
    ],
    [
      0.06856306743051199,
      -0.0016159676115657434,
      -0.00038682522844038503
    ],
    [
      0.011059407893787407,
      -0.05578737693470259,
      -0.0007603837086692665
    ],
    [
      0.030670235212794373,
      0.052591912830000316,
      0.0004952654331289955
    ],
    [
      -0.0244150123151933,
      0.07685309387410473,
      0.0011114103292550696
    ],
    [
      -0.003624228497341872,
      0.013589827429453352,
      0.03619660002131116
    ],
    [
      -0.004003611595498725,
      0.014515720248040558,
      -0.03579610503351272
    ],
    [
      0.024915786644873053,
      -0.010103189440984726,
      0.04422710917209367
    ],
    [
      0.02443603326453414,
      -0.008963303136987358,
      -0.04473340370655337
    ],
    [
      0.08668264887480195,
      0.010759016647082134,
      -0.00032495436074227277
    ],
    [
      0.00195159079159915,
      0.024224387444414477,
      0.03952446946050779
    ],
    [
      -0.002192367519444797,
      -0.046673204351165905,
      -0.0005864961421491499
    ],
    [
      0.0015324185051627049,
      0.025230907211103524,
      -0.038908653821672176
    ]
  ],
  "quadrupoles": [
    [
      -5.349930944171051,
      0.020225736672472218,
      0.001196165560989603,
      -5.3557881320337,
      -0.002451374817125472,
      -5.172126754721374
    ],
    [
      -3.2096942617505335,
      0.013927983121742801,
      0.0014627109996810253,
      -3.1585360939524736,
      -0.0024555797452625898,
      -2.967197937979039
    ],
    [
      -5.090143601879993,
      0.009058658594020351,
      0.0007765913750744329,
      -4.98491793219052,
      -0.00028374950927511917,
      -4.965234837499691
    ],
    [
      -5.1892213428160385,
      0.015636875527138522,
      0.0009926546776306204,
      -5.0783076794124415,
      -0.000599982887539161,
      -5.0367585735437155
    ],
    [
      -4.509862530896764,
      0.025573748969700563,
      0.0007363857466709068,
      -4.584403977005937,
      -0.0020782146912260244,
      -4.432643283086246
    ],
    [
      -0.5287179476163402,
      0.014796137280308966,
      0.00782480284928733,
      -0.5280844832639422,
      -0.011035552180419017,
      -0.5370577281445249
    ],
    [
      -0.528874521837406,
      0.015109738635741634,
      -0.007523810231138328,
      -0.5286489808832029,
      0.011090286768554483,
      -0.5363214862866206
    ],
    [
      -0.5360119940184866,
      0.011287761340065693,
      -0.004727931397851354,
      -0.5463900089210306,
      0.009407164245410644,
      -0.5538974301914811
    ],
    [
      -0.5359208342359669,
      0.011067981877409911,
      0.0048179041423799494,
      -0.5459260331997174,
      -0.009322334419854965,
      -0.5544954373332407
    ],
    [
      -5.361524627904161,
      0.027570133335976754,
      0.0013274001568655803,
      -5.197529868737586,
      -0.000387497336217367,
      -5.178973198102368
    ],
    [
      -0.5283655397333921,
      0.004584602012024343,
      0.008963061232885145,
      -0.5374603286611536,
      -0.006471629040195095,
      -0.5403114457687698
    ],
    [
      -0.5458228602738223,
      -0.011483368583891223,
      -0.0001513534945605581,
      -0.5572553793554653,
      -7.558886214240061e-05,
      -0.5465950237211392
    ],
    [
      -0.5285575305653631,
      0.004883846659262295,
      -0.008965346724995214,
      -0.5377925276502712,
      0.0064827525231280474,
      -0.5397881732292876
    ]
  ],