{
  "energy": -306.7452121170159,
  "atoms": [
    "C",
    "C",
    "O",
    "O",
    "C",
    "H",
    "H",
    "H",
    "H",
    "C",
    "H",
    "H",
    "H"
  ],
  "charges": [
    [
      -0.45020731134649555
    ],
    [
      1.0655990602649625
    ],
    [
      -0.9040042618573005
    ],
    [
      -0.9279861187842514
    ],
    [
      -0.07829331154106595
    ],
    [
      0.11163033068724414
    ],
    [
      0.1116365690242013
    ],
    [
      0.08653993311554148
    ],
    [
      0.08651763798062563
    ],
    [
      -0.38312521878410793
    ],
    [
      0.09751785428426853
    ],
    [
      0.08665714487361222
    ],
    [
      0.09751726344292719
    ]
  ],
  "dipoles": [
    [
      -0.06520659891922144,
      -0.06229562531093187,
      -0.0004511589151069812
    ],
    [
      0.0814518495581923,
      -0.000249091264350878,
      -0.0004380023631404561
    ],
    [
      0.03868288306736836,
      -0.07682551977395992,
      -0.001168350168421542
    ],
    [
      0.05244124593681803,
      0.07729254429811157,
      0.0006887605362314118
    ],
    [
      -0.015782435697487707,
      0.07024589824315827,
      0.0009800609798592235
    ],
    [
      -0.006338179776666277,
      0.01664188602734656,
      0.03874384137258572
    ],
    [
      -0.006742564095904865,
      0.017632848343244686,
      -0.03823532040263822
    ],
    [
      0.02855471095783412,
      -0.01291056190954515,
      0.046344332398873096
    ],
    [
      0.028049502778188098,
      -0.01171534644446795,
      -0.04696049065689596
    ],
    [
      0.07630376092437584,
      0.011708620154765252,
      -0.00025768659510874107
    ],
    [
      0.00037185737436878555,
      0.026867948735419728,
      0.043358034101309686
    ],
    [
      -0.004541877369702032,
      -0.05107692997959643,
      -0.0006304562009563509
    ],
    [
      -8.790163645956895e-05,
      0.027971591006394902,
      -0.042656046635382285
    ]
  ],
  "quadrupoles": [
    [
      -5.328136576239372,
      0.00551224256986729,
      0.0011306373723782102,
      -5.295116020854175,
      -0.0021810756273588647,
      -5.126819494671314
    ],
    [
      -2.9912436595834184,
      0.012917037082692246,
      0.0015780082300379092,
      -2.9637154112518065,
      -0.0030477454840261344,
      -2.7244766673488177
    ],
    [
      -5.048953816924682,
      0.01417452198157078,
      0.0004766189739821812,
      -4.95889193349262,
      0.0003598204013709434,
      -4.9930428713375585
    ],
    [
      -5.1308666545793695,
      0.003167624548229882,
      0.0004331355382624418,
      -5.0379813240103966,
      0.00019693248385623763,
      -5.055066479374199
    ],
    [
      -4.516234832398952,
      0.011485955102746232,
      0.0005849280046034656,
      -4.58572433928671,
      -0.0020007772367342256,
      -4.434084398287011
    ],
    [
      -0.516781194030855,
      0.014163469589444174,
      0.006244003312269185,
      -0.5142584391278512,
      -0.008899029876513698,
      -0.524827039738579
    ],
    [
      -0.5168999443712953,
      0.01441545334104283,
      -0.0059586280998413866,
      -0.5147089126495519,
      0.009003598623655693,
      -0.5242279476945962
    ],
    [
      -0.5213995035356951,
      0.009257263591648551,
      -0.0034956125823672603,
      -0.5332360819581125,
      0.007917633057725408,
      -0.5409562570110517
    ],
    [
      -0.5213449492304092,
      0.009086757886106137,
      0.003519013537583084,
      -0.5328564730184675,
      -0.00780833317077485,
      -0.5414587174633442
    ],
    [
      -5.3055077659890735,
      0.027117724283924918,
      0.0013656894787620246,
      -5.124211295706589,
      -0.00026878233807756536,
      -5.114657067592455
    ],
    [
      -0.5268804123006212,
      0.004296669630218566,
      0.008015445581673164,
      -0.5356494707917624,
      -0.005056915264146662,
      -0.5381617195017965
    ],
    [
      -0.5423496249831672,
      -0.009976697374437037,
      -0.0001432491713571859,
      -0.5531083042186747,
      -4.808077077235749e-05,
      -0.5452175904743127
    ],
    [
      -0.5270520592113374,
      0.004556442425885523,
      -0.008019097671183468,
      -0.5359091352685641,
      0.005064862922143286,
      -0.5377313801262321
    ]
  ],