{
  "energy": -267.4896280542432,
  "atoms": [
    "O",
    "O",
    "C",
    "C",
    "C",
    "H",
    "H",
    "H",
    "H",
    "H"
  ],
  "charges": [
    [
      -0.8578650979748472
    ],
    [
      -0.820542045140169
    ],
    [
      -0.3966337036419414
    ],
    [
      -0.35815752786294536
    ],
    [
      0.9188569381719436
    ],
    [
      0.10660932142388414
    ],
    [
      0.1066092582014317
    ],
    [
      0.11635420555285336
    ],
    [
      0.11636016309694135
    ],
    [
      0.06839307177740732
    ]
  ],
  "dipoles": [
    [
      0.056080526136309296,
      -0.023542470313848526,
      -0.0008328892940364728
    ],
    [
      -0.03259961871029248,
      0.047747336540376974,
      0.001212929507284704
    ],
    [
      -0.09400899950932101,
      0.05470752701407469,
      0.0017247826862113042
    ],
    [
      0.11010200095650068,
      -0.058726056581944616,
      -0.0019042865409866288
    ],
    [
      0.055062421118999026,
      0.04381556359397735,
      0.0006131308453240484
    ],
    [
      0.005237467040362962,
      -0.0129445372156888,
      -0.039573542204862304
    ],
    [
      0.005702437555844377,
      -0.014623531334278224,
      0.03891946145528555
    ],
    [
      0.02258148862892391,
      0.02538632267971295,
      0.038675400190810456
    ],
    [
      0.022133609089619657,
      0.02702567276481468,
      -0.03781557082506112
    ],
    [
      -0.024944694775859966,
      -0.03962501313565853,
      -0.0007025036837804738
    ]
  ],
  "quadrupoles": [
    [
      -5.145710329102604,
      -0.05941897026698066,
      -0.0006814760660067581,
      -5.140816623725185,
      -0.0016777130774869138,
      -5.045905772076605
    ],
    [
      -5.015824434955278,
      -0.055754641644412656,
      -0.0007985467333278968,
      -5.015378552417401,
      -0.001095032812808957,
      -4.94874959339501
    ],
    [
      -5.2301092354642345,
      -0.02290898791839216,
      0.0006236730761468863,
      -5.2508850170032595,
      -0.004342285480931369,
      -5.041601135354808
    ],
    [
      -5.190432131041788,
      0.07032264631414828,
      0.0020865827494748104,
      -5.158868780802406,
      -0.0018464497891885992,
      -5.091827341121098
    ],
    [
      -3.1816665859277067,
      -0.03414201093964348,
      0.0004987800502400029,
      -3.199353208040279,
      -0.004644198071291138,
      -2.972608378064169
    ],
    [
      -0.5242802623895696,
      -0.006146056037074459,
      0.0009923416709846256,
      -0.5502535536360508,
      -0.012764668843923261,
      -0.545001140632628
    ],
    [
      -0.5243105787128962,
      -0.005943171411501295,
      -0.0014887180428309324,
      -0.5513390200373458,
      0.012564324366807204,
      -0.5438883058769226
    ],
    [
      -0.5202581626898312,
      -0.0039424857832806096,
      0.006613889863618915,
      -0.5292430031359067,
      -0.00840972256819792,
      -0.5335041685188272
    ],
    [
      -0.520413410577341,
      -0.0035529504858666716,
      -0.006923478084647679,
      -0.5299665469870928,
      0.008602006397806443,
      -0.5326097399628283
    ],
    [
      -0.597112041831895,
      -0.012980182242157048,
      -0.0002113304462408622,
      -0.5833592798623098,
      0.00012779815579078984,
      -0.5857499000688736
    ]
  ],
  "octupoles": [
    [
      -0.4358995119728704,
      -0.31061775324577046,
      -0.007413490601704774,
      -0.2208613316329882,
      0.00386715451425169,
      -0.2841169504247871,
      0.37752707015517967,
      0.004373380196679679,
      0.11675782274426627,
      0.012494299714460824
    ],
    [
      -0.49475494215523286,
      -0.42245843379466086,
      -0.007475433805015725,
      -0.14962346221436035,
      -2.7687403395439798e-05,
      -0.11626574102436307,
      -0.16093235100516756,
      0.010511374885000925,
      -0.30553940906144367,
      -0.0175310166907403
    ],
    [
      -0.2887865009900194,
      -0.18486137531346933,
      -0.004321571823524446,
      -0.1421188313401902,
      0.004524702331168208,
      -0.17515766548403056,
      0.7073930962204658,
      -0.0037389196168094844,
      0.4604055305123593,
      0.03266147096144254
    ],
    [
      0.4412222157242883,
      0.21665399580129402,
      0.006221692155655396,
      0.04451716309458257,
      -0.010255495293316572,
      0.3541263819713496,
      -0.43256397323735335,
      0.007572481150290697,
      -0.39861425137142126,
      -0.031892831087421566
    ],
    [
      -0.20501373358800457,
      0.07728269981534289,
      0.0010355815933293982,
      -0.048966870087475134,
      0.001544809159386221,
      -0.1549555870991078,
      -0.10895599320738128,
      -0.00010742520763756483,
      -0.045204221875688545,
      -0.00015262084503759048
    ],
    [
      -0.013049980214824534,
      0.011529512299217561,
      -0.0019317536299100625,
      -0.0036659158649069443,
      -0.0006599618035359803,
      -0.0008723658562110988,
      0.061734764096383864,
      -0.009176259294770997,
      0.02735462056620417,
      -0.01066150300431659
    ],
    [
      -0.012970294431206454,
      0.011450698415432127,
      0.0025569488316012777,
      -0.0036143826410617655,
      0.0007276141059922322,
      -0.0007187779157664314,
      0.06053776430305686,
      0.009482574331326946,
      0.027605179749648254,
      0.01421748395583908
    ],
    [
      0.05600991277256785,
      -0.0017159312137597252,
      -0.0018015797480890531,
      0.013421073807996816,
      -0.0033453930384717877,
      0.02317642534321135,
      -0.022249018050641174,
      0.005550004497527842,
      -0.01343523703114074,
      0.00842387793884748
    ],
    [
      0.05606850515227166,
      -0.001717848182438629,
      0.0016166320147733416,
      0.013094100775452342,
      0.0027799297566564593,
      0.02328388188800412,
      -0.021538952655153334,
      -0.005486601313857563,
      -0.013565408884652148,
      -0.010979806755237517
    ],
    [
      0.04596242377639723,
      -0.002110021610502843,
      -3.588541624455472e-05,
      0.013521598336345765,
      -0.00036855052605871784,
      0.023764331960634533,
      -0.03560808142810413,
      0.0003317404652900963,
      -0.02737001755522295,
      -0.002180175320797295
    ]
  ],
  "valence_charges": [
    [
      -7.185217184977359
    ],
    [
      -7.155399844803282
    ],
    [
      -4.74065481458893
    ],
    [
      -4.696073766188673
    ],
    [
      -3.3936464928835295
    ],
    [
      -0.8933906931137694
    ],
    [
      -0.8933907563362922
    ],
    [
      -0.8836457820890679
    ],
    [
      -0.8836398245449962
    ],
    [
      -0.9316069155406259
    ]
  ],
  "valence_widths": [
    [
      0.41899389906115997
    ],
    [
      0.415835817034046
    ],
    [
      0.5236144790311509
    ],
    [
      0.5244936849497124
    ],
    [
      0.47757795010808
    ],
    [
      0.3895879253050056
    ],
    [
      0.38958818264264994
    ],
    [
      0.3875357239049652
    ],
    [
      0.38753506082407396
    ],
    [
      0.39824441426141
    ]
  ],
  "radial_moments": [
    [
      33.19376633595756
    ],
    [
      31.884624615588596
    ],
    [
      40.285548917864496
    ],
    [
      40.088371451558366
    ],
    [
      22.29386878778377
    ],
    [
      3.166661386929137
    ],
    [
      3.1666720175543217
    ],
    [
      3.0690447411895234
    ],
    [
      3.069010938073542
    ],
    [
      3.526465713780977
    ]
  ]
}