{
  "energy": -267.4896280542432,
  "atoms": [
    "O",
    "O",
    "C",
    "C",
    "C",
    "H",
    "H",
    "H",
    "H",
    "H"
  ],
  "charges": [
    [
      -0.9302998068645975
    ],
    [
      -0.897329659892501
    ],
    [
      -0.3993323094239996
    ],
    [
      -0.3156936796554765
    ],
    [
      1.0602838502513803
    ],
    [
      0.10457579762638868
    ],
    [
      0.10457600219122691
    ],
    [
      0.10783945997623266
    ],
    [
      0.10784676866881761
    ],
    [
      0.05751924126313138
    ]
  ],
  "dipoles": [
    [
      0.08796707686998806,
      -0.03122765924247601,
      -0.0011845710721244166
    ],
    [
      -0.021337698139690803,
      0.08146274974387596,
      0.001866688252076251
    ],
    [
      -0.09932115333380956,
      0.033879095963262246,
      0.0013105839734648829
    ],
    [
      0.1036685851216509,
      -0.05115736337661274,
      -0.0017038317061095654
    ],
    [
      0.06634412289378507,
      0.049690017005963684,
      0.0006722870296608827
    ],
    [
      0.005349608994275412,
      -0.01707739924240475,
      -0.04168797448036897
    ],
    [
      0.00583879435484489,
      -0.018842991960133712,
      0.0408537759609265
    ],
    [
      0.023695254970034413,
      0.03001063187752538,
      0.042154188588839785
    ],
    [
      0.02320816828098403,
      0.031795337850173314,
      -0.04110596491452701
    ],
    [
      -0.029596749057969683,
      -0.042312227257334814,
      -0.0007326516070199205
    ]
  ],
  "quadrupoles": [
    [
      -5.103676752891885,
      -0.046456251761441074,
      -0.0007477988426579258,
      -5.080402775493986,
      -0.00011523043128787213,
      -5.062190277794082
    ],
    [
      -4.980099663062506,
      -0.0495950527503208,
      -0.0010561150000112723,
      -4.991751295691488,
      2.373331705387114e-05,
      -4.97918398423275
    ],
    [
      -5.227798159313564,
      -0.03187828445167451,
      0.0005513909984941053,
      -5.208708263184285,
      -0.0038690480885321945,
      -5.019073811923479
    ],
    [
      -5.113149327986449,
      0.0808167347021237,
      0.0023081747639783047,
      -5.0557487817510625,
      -0.0013475725213615039,
      -5.014903132836694
    ],
    [
      -2.971535981849855,
      -0.02161403901640997,
      0.0009667866064268044,
      -2.9932413384626066,
      -0.005531500779541677,
      -2.728422805881961
    ],
    [
      -0.5107453309881321,
      -0.0066979484149988855,
      0.0008327009423218739,
      -0.5349713240933783,
      -0.010249924481215334,
      -0.5314820367445828
    ],
    [
      -0.5107713185200093,
      -0.006530686407872021,
      -0.0013547522872590823,
      -0.5358448152348957,
      0.010140826110661156,
      -0.5305833950536287
    ],
    [
      -0.5155180744391621,
      -0.002797445398707713,
      0.006637961179605364,
      -0.5223981256426822,
      -0.006273105912209439,
      -0.5280224717061579
    ],
    [
      -0.515671406409471,
      -0.0024325992162897215,
      -0.0068917244000839765,
      -0.5229386208735365,
      0.006517950043381577,
      -0.5273071353326672
    ],
    [
      -0.5910292351719724,
      -0.01197078180979119,
      -0.00021736816390860537,
      -0.5795377863957537,
      0.00017415634417397417,
      -0.5843689365987582
    ]
  ],
  "octupoles": [
    [
      -0.15125834348425887,
      -0.27651419787359316,
      -0.007336165919724088,
      -0.10019197929398174,
      0.004332764217270127,
      -0.19712014900860256,
      0.2842448722092373,
      0.0020534863780687688,
      0.10776908554692836,
      0.010385509790062716
    ],
    [
      -0.3197544248308486,
      -0.2970241975389768,
      -0.005336722807072287,
      -0.11397336009011441,
      -0.0004404553927988425,
      -0.07468649315492366,
      0.07950021812535824,
      0.012155980894733244,
      -0.22873187626421485,
      -0.013344949478620959
    ],
    [
      -0.2619004252466741,
      -0.28275312095764804,
      -0.0062919973531063,
      -0.11702462500954867,
      0.005024853452886502,
      -0.15130869599566873,
      0.5204638800785031,
      -0.007130062307350255,
      0.4427106034248257,
      0.031107845031699714
    ],
    [
      0.3486464898895701,
      0.24832644643357363,
      0.007363921981901641,
      0.038888713729921184,
      -0.010299954847732074,
      0.34712453282318523,
      -0.34581130427923584,
      0.008642464833086486,
      -0.3794216443841002,
      -0.030536759163390395
    ],
    [
      -0.06720543337341583,
      0.13902751724338394,
      0.002125827223735559,
      0.006148486734000303,
      0.001452037702424909,
      -0.10546215486350707,
      -0.08437570587740698,
      -0.0009993648508443051,
      -0.019656799851490315,
      0.0006119768321870184
    ],
    [
      -0.009285226950678979,
      0.0034042546510522857,
      -0.004528790775723305,
      -0.0023605011477375957,
      -0.0007598327326642669,
      -0.0001424509739191561,
      0.04335144185833377,
      -0.012142684638524087,
      0.02178718094842108,
      -0.016519038346816405
    ],
    [
      -0.009119416744224569,
      0.003225070535949252,
      0.004777028038189966,
      -0.0022864280822966375,
      0.0008829119147345749,
      3.0392613191594333e-05,
      0.04179461117900904,
      0.012115544838923877,
      0.022039436051752504,
      0.01933478047422519
    ],
    [
      0.05719383269979116,
      0.0034162683146112083,
      0.0009426592660365769,
      0.015815630125660802,
      -0.003094858058581468,
      0.02419432891267924,
      -0.006953961666617446,
      0.00837232094511058,
      -0.009227935215027749,
      0.015399412231778462
    ],
    [
      0.05716071102469234,
      0.0035217896372260033,
      -0.0008954774247774156,
      0.015476995598208807,
      0.0025776142040882634,
      0.024265911893656948,
      -0.005896997937791463,
      -0.008037734768576424,
      -0.009294370023517936,
      -0.017446390283465
    ],
    [
      0.031004881110965745,
      -0.0037085330622319205,
      -2.9796238626729752e-05,
      0.009813660948092601,
      -0.0003697549806865729,
      0.01970495682776373,
      -0.0432472848561951,
      0.00032204392147354227,
      -0.030449254004568417,
      -0.0023060951825621843
    ]
  ],
  "valence_charges": [
    [
      -7.276060731425911
    ],
    [
      -7.249198090002636
    ],
    [
      -4.749878788723281
    ],
    [
      -4.658045392538947
    ],
    [
      -3.255344702923664
    ],
    [
      -0.8954242167818072
    ],
    [
      -0.8954240122170115
    ],
    [
      -0.8921605269177649
    ],
    [
      -0.8921532182251707
    ],
    [
      -0.9424807452251391
    ]
  ],
  "valence_widths": [
    [
      0.41705265969095767
    ],
    [
      0.41440645490995076
    ],
    [
      0.5232055930508984
    ],
    [
      0.5232766630486566
    ],
    [
      0.4711315074792782
    ],
    [
      0.3848600610519463
    ],
    [
      0.3848601535091668
    ],
    [
      0.38426286863098785
    ],
    [
      0.38426179602760685
    ],
    [
      0.39528050591372277
    ]
  ],
  "radial_moments": [
    [
      32.22715533316918
    ],
    [
      31.17230958708143
    ],
    [
      39.66913306241878
    ],
    [
      38.97076914615709
    ],
    [
      20.150654215104506
    ],
    [
      3.0212692094727056
    ],
    [
      3.0212732811174337
    ],
    [
      2.991569208992593
    ],
    [
      2.9915202768689104
    ],
    [
      3.4580113352592896
    ]
  ]
}