{
  "energy": -228.23292003734,
  "atoms": [
    "C",
    "C",
    "O",
    "O",
    "H",
    "H",
    "H"
  ],
  "charges": [
    [
      -0.7457373295263365
    ],
    [
      1.046693404982313
    ],
    [
      -0.8730294619752826
    ],
    [
      -0.8730405457086595
    ],
    [
      0.14896982598896874
    ],
    [
      0.14715969065557855
    ],
    [
      0.14897312905523838
    ]
  ],
  "dipoles": [
    [
      0.01928456337322083,
      -3.929862801385664e-06,
      -0.012540318038107559
    ],
    [
      0.051673190655590485,
      9.505879213695256e-07,
      0.00015728832606929372
    ],
    [
      0.025875151463368412,
      -0.06003667599342002,
      0.003670012847839702
    ],
    [
      0.025869985714113135,
      0.06003822941318344,
      0.0036701695819021368
    ],
    [
      0.0042016816350084595,
      -0.03389171637859768,
      -0.01709655142884516
    ],
    [
      0.0022983388832068523,
      7.073654604836795e-06,
      0.03733400381846112
    ],
    [
      0.004198787844014332,
      0.03388581292549546,
      -0.017107925459616823
    ]
  ],
  "quadrupoles": [
    [
      -6.178369673905985,
      -4.863293069210215e-06,
      -0.00024303941268700215,
      -6.003408066215201,
      1.385874246457177e-06,
      -5.886460208671275
    ],
    [
      -2.9469343098403904,
      1.533964178225797e-06,
      0.0023850144693897224,
      -2.916630306997941,
      -9.900250964520944e-08,
      -2.730844011479093
    ],
    [
      -5.168439614799804,
      -0.010235425855612653,
      -0.009185199183758803,
      -5.085628180866432,
      -0.000525350347859371,
      -5.021865013033787
    ],
    [
      -5.168472144598896,
      0.010233973269794258,
      -0.00918501938162972,
      -5.085655721434691,
      0.0005254522952258657,
      -5.021914552589368
    ],
    [
      -0.4963328920055695,
      -0.010687119400951578,
      -0.004340064266929625,
      -0.502334327600239,
      -0.00691477538731631,
      -0.49097640635725986
    ],
    [
      -0.5023277274258428,
      2.398336621141882e-06,
      0.012278083270030476,
      -0.4933011575238084,
      -3.2937282425112408e-06,
      -0.5092787302849572
    ],
    [
      -0.49632849037239707,
      0.010685816398761771,
      -0.004343408463660502,
      -0.5023231806901072,
      0.006917519012561927,
      -0.4909758856874033
    ]
  ],
  "octupoles": [
    [
      0.03329257857387206,
      -1.4310067341572355e-05,
      -0.017668943716715763,
      0.34112661412904616,
      -5.925270534411801e-06,
      0.40654061886785453,
      8.596101922653421e-05,
      0.23351183126958477,
      -0.00019088458965260913,
      -0.53959984139791
    ],
    [
      -0.05587869839160729,
      -1.480316378869037e-07,
      -0.00536465092518265,
      -0.127375393379896,
      7.509008562665703e-08,
      -0.1357913623805771,
      -4.5216585494921996e-06,
      0.01266979166701141,
      -1.6473593045190416e-05,
      -0.028411036057399856
    ],
    [
      -0.8260037709084002,
      0.056487241315819024,
      0.0022294988418540586,
      0.1634695037346579,
      0.0002813995410926864,
      -0.21670932124948966,
      0.3015658521558781,
      0.004502463635592362,
      0.23185451898946488,
      0.0045862154210187115
    ],
    [
      -0.8260265241675064,
      -0.05652852092942814,
      0.002229645451564124,
      0.16347860617079119,
      -0.00028216506518613955,
      -0.21670405037380736,
      -0.3015512413235995,
      0.004503306167361186,
      -0.23187016836143803,
      0.004586997735867629
    ],
    [
      0.03618707785043092,
      0.005783701733168068,
      0.0012147254621123732,
      0.013413227185943503,
      -0.004168995901126884,
      0.024253855969488005,
      0.009615874736631827,
      0.0030794469113616064,
      0.002284682968278661,
      -0.010591343236879772
    ],
    [
      0.03321920414982732,
      -1.5621199173438958e-06,
      0.00015541732747429278,
      0.025734356973726526,
      -2.7579799988352717e-06,
      0.018414459761366287,
      -4.7234337412290577e-07,
      0.003578509811057931,
      -2.767791363404633e-06,
      -0.0016110814306480416
    ],
    [
      0.03618350883968623,
      -0.005781274172372493,
      0.0012146635896998794,
      0.013415722681120273,
      0.0041713116373543815,
      0.024251263405362534,
      -0.009609154319745898,
      0.0030789481272874676,
      -0.002288984688665569,
      -0.010593079417963657
    ]
  ],
  "valence_charges": [
    [
      -5.077062001510817
    ],
    [
      -3.272141108127226
    ],
    [
      -7.204041250898626
    ],
    [
      -7.204049949262488
    ],
    [
      -0.851030187211308
    ],
    [
      -0.852840322023319
    ],
    [
      -0.851026884144972
    ]
  ],
  "valence_widths": [
    [
      0.5444385028268969
    ],
    [
      0.46637692378510576
    ],
    [
      0.41790181242501045
    ],
    [
      0.4179029032218302
    ],
    [
      0.38287014348873094
    ],
    [
      0.38472049912591194
    ],
    [
      0.3828690089257836
    ]
  ],
  "radial_moments": [
    [
      49.500596847220876
    ],
    [
      19.898716172984024
    ],
    [
      32.90539565226604
    ],
    [
      32.905774136169256
    ],
    [
      2.8587922970212523
    ],
    [
      2.89199190283822
    ],
    [
      2.8587473587598073
    ]
  ]
}