{
  "energy": -228.23292003734,
  "atoms": [
    "C",
    "C",
    "O",
    "O",
    "H",
    "H",
    "H"
  ],
  "charges": [
    [
      -0.6882570942498646
    ],
    [
      1.157045592624183
    ],
    [
      -0.9378583080401225
    ],
    [
      -0.9378697427446036
    ],
    [
      0.1368448297895467
    ],
    [
      0.13323818593982004
    ],
    [
      0.1368477772972089
    ]
  ],
  "dipoles": [
    [
      -0.004137692303433298,
      -1.7510333386785713e-06,
      -0.007685935191946232
    ],
    [
      0.06582951268351321,
      1.3943847520098064e-06,
      -0.00034531139689273125
    ],
    [
      0.050887552728900505,
      -0.07880131549571001,
      0.004305887703638697
    ],
    [
      0.050881056059128814,
      0.07880343563290552,
      0.004306017843700598
    ],
    [
      0.0023529506262454465,
      -0.039069689243992144,
      -0.018691948678672896
    ],
    [
      -0.00045800821317478396,
      8.243277788528043e-06,
      0.04207550879710358
    ],
    [
      0.0023494886746431446,
      0.03906303116407238,
      -0.018704677525781463
    ]
  ],
  "quadrupoles": [
    [
      -5.988413782456704,
      -7.305334301169184e-06,
      -0.004989236910765226,
      -5.770966861613123,
      1.169653701471055e-06,
      -5.703134243675493
    ],
    [
      -2.802104347624968,
      1.7149975645108063e-06,
      0.0019071183888576236,
      -2.789616125356943,
      -1.365177438063542e-07,
      -2.556893675254664
    ],
    [
      -5.105284190488323,
      0.001001080128417873,
      -0.007496285503082174,
      -5.034104346340728,
      -0.00032911905467391183,
      -5.025901481945905
    ],
    [
      -5.105313066741789,
      -0.00100310807112078,
      -0.007496101054364505,
      -5.0341309594399,
      0.00032928510971225693,
      -5.02594830566449
    ],
    [
      -0.4957578308604494,
      -0.009987548304537642,
      -0.0034995583210300552,
      -0.4994110104501189,
      -0.005101539911048198,
      -0.4927031638282042
    ],
    [
      -0.5056715773025034,
      2.271060403721296e-06,
      0.01041674311551793,
      -0.4981604295977383,
      -2.4122123617277896e-06,
      -0.5109453768668702
    ],
    [
      -0.49575457220173264,
      0.009986211518610432,
      -0.0035022529235572437,
      -0.49940236272819766,
      0.0051033657114855045,
      -0.49270246472867335
    ]
  ],
  "octupoles": [
    [
      -0.19763166537755894,
      -1.0828813050544722e-05,
      -0.003936892170950647,
      0.31567625162387286,
      -5.466899089403689e-06,
      0.3877480308133988,
      0.00010905474994933659,
      0.2444988319538188,
      -0.0001789745602413037,
      -0.48762673393298084
    ],
    [
      0.10134230419942246,
      3.017045466788599e-06,
      -0.002542075021154698,
      -0.12151789316256982,
      1.0718500234584355e-07,
      -0.09260481297017101,
      -3.905666251660663e-06,
      0.012882230108342586,
      -1.4531082218306131e-05,
      -0.031989862054315116
    ],
    [
      -0.51920725053546,
      0.017084607067779124,
      0.007968250675814453,
      0.20162385184469586,
      0.001112039030948406,
      -0.14174518649488552,
      0.10771159371943621,
      0.005017399599515482,
      0.18772788873537377,
      0.007793095887537614
    ],
    [
      -0.519234084160588,
      -0.0171154872299081,
      0.0079684567241082,
      0.2016274221644304,
      -0.0011126705636005682,
      -0.1417395520845008,
      -0.10769016515181361,
      0.0050181870807625845,
      -0.18774005945328154,
      0.00779350157198462
    ],
    [
      0.028442951025927275,
      0.00026512836308903724,
      -3.216195386662047e-05,
      0.013281433967919117,
      -0.0044663782125485725,
      0.023346272389611525,
      -0.005825085149565675,
      0.0026343845181625264,
      -0.0021914669786018384,
      -0.012937382867796632
    ],
    [
      0.023838168920891207,
      -4.3102293118915405e-07,
      0.004474455149320494,
      0.024776023986060654,
      -2.9203725849297484e-06,
      0.01563865147665732,
      3.59807693729366e-06,
      0.007552675743624755,
      -1.9385808215303216e-06,
      0.006586839579204653
    ],
    [
      0.02843814949605934,
      -0.0002637503940544106,
      -3.3445585907240973e-05,
      0.013283435272336278,
      0.004468814902009211,
      0.023342929699930362,
      0.005830409073816504,
      0.002633045442021847,
      0.0021861952401448603,
      -0.012941570827020655
    ]
  ],
  "valence_charges": [
    [
      -5.029808133470651
    ],
    [
      -3.162419640510825
    ],
    [
      -7.287131068776082
    ],
    [
      -7.28714042888874
    ],
    [
      -0.8631551849537963
    ],
    [
      -0.8667618283218921
    ],
    [
      -0.8631522374460713
    ]
  ],
  "valence_widths": [
    [
      0.5396235983079948
    ],
    [
      0.46276694813260916
    ],
    [
      0.4158019383599064
    ],
    [
      0.41580295121438077
    ],
    [
      0.38058122467957084
    ],
    [
      0.3833903658120276
    ],
    [
      0.3805804050744788
    ]
  ],
  "radial_moments": [
    [
      46.65279898069208
    ],
    [
      18.501493720123147
    ],
    [
      31.900283181525044
    ],
    [
      31.90062058805446
    ],
    [
      2.8200068233438964
    ],
    [
      2.8854922432030436
    ],
    [
      2.8199725062074354
    ]
  ]
}