{
  "energy": -76.3482849583815,
  "atoms": [
    "O",
    "H",
    "H"
  ],
  "charges": [
    [
      -0.9047374831706608
    ],
    [
      0.4523674867999021
    ],
    [
      0.4523674867999034
    ]
  ],
  "dipoles": [
    [
      1.448404302196906e-15,
      1.4868516239712873e-14,
      0.24039331002389988
    ],
    [
      1.631324352352273e-15,
      0.02869750705550053,
      0.0022147277086678107
    ],
    [
      -1.0361388464409098e-15,
      -0.028697507055499224,
      0.002214727708668181
    ]
  ],
  "quadrupoles": [
    [
      -5.165480414339685,
      4.833902254109602e-15,
      -1.3029757820676461e-15,
      -4.724182300486104,
      -4.531522292396933e-15,
      -4.966509910439067
    ],
    [
      -0.27614056212627947,
      -9.831086309251404e-17,
      2.631827512019274e-17,
      -0.25756512135729964,
      0.0026841983712000608,
      -0.266100510660222
    ],
    [
      -0.2761405621262721,
      -6.374118846808588e-17,
      -6.14308002984137e-16,
      -0.25756512135729503,
      -0.0026841983711996965,
      -0.266100510660217
    ]
  ],
  "octupoles": [
    [
      -3.669087080321807e-14,
      4.636413788002436e-15,
      0.29605608274884093,
      7.439000374263745e-15,
      -4.697254098978634e-15,
      -5.527018891343614e-15,
      2.201102485521941e-14,
      0.41761422904351775,
      7.285872181643917e-15,
      0.8667140841869966
    ],
    [
      7.256223467227914e-16,
      0.006291808872905459,
      0.01540044836116411,
      -5.5314170379535224e-17,
      8.27164628067383e-16,
      5.766626365743462e-16,
      0.026464639253386102,
      0.012778194074993685,
      0.011104838799059921,
      0.04519889393577031
    ],
    [
      -1.5448683160174384e-15,
      -0.006291808872904474,
      0.01540044836116343,
      6.146821003705246e-16,
      -1.1286556123407978e-17,
      5.171524050852989e-16,
      -0.02646463925338377,
      0.012778194074992328,
      -0.011104838799059895,
      0.04519889393576925
    ]
  ],
  "valence_charges": [
    [
      -7.254133302866242
    ],
    [
      -0.5476325203558453
    ],
    [
      -0.5476325203558411
    ]
  ],
  "valence_widths": [
    [
      0.4126530001294768
    ],
    [
      0.3475375889068851
    ],
    [
      0.3475375889068816
    ]
  ],
  "radial_moments": [
    [
      30.917249962346173
    ],
    [
      1.4223121699814212
    ],
    [
      1.4223121699813663
    ]
  ]
}