{
  "energy": -76.3482849583815,
  "atoms": [
    "O",
    "H",
    "H"
  ],
  "charges": [
    [
      -0.9372381805027762
    ],
    [
      0.4686178372507451
    ],
    [
      0.4686178372507377
    ]
  ],
  "dipoles": [
    [
      -4.882890395241538e-15,
      -9.834865109441018e-15,
      0.2389823823231351
    ],
    [
      3.025844738117996e-16,
      0.02892046535654945,
      -0.001320528547941124
    ],
    [
      -1.1318490088387857e-15,
      -0.028920465356551784,
      -0.001320528547941553
    ]
  ],
  "quadrupoles": [
    [
      -5.087501782068588,
      9.156660528763644e-15,
      -3.6124004257283135e-15,
      -4.711806465804693,
      2.333175861093758e-15,
      -4.932087120683019
    ],
    [
      -0.2528531875831081,
      5.1634219161976296e-18,
      2.8128173500350485e-16,
      -0.2387760407152961,
      0.0017179854065827007,
      -0.24417042845480808
    ],
    [
      -0.2528531875831117,
      -4.528182797300047e-17,
      -3.907003109671685e-16,
      -0.23877604071529956,
      -0.0017179854065819523,
      -0.24417042845481562
    ]
  ],
  "octupoles": [
    [
      -3.121439400669062e-14,
      -2.7651905546756898e-14,
      0.26762059589901954,
      7.268019157164402e-15,
      -4.036117067694148e-15,
      -5.718141484439994e-15,
      -3.3522133144874816e-14,
      0.42405332044095995,
      -1.6705035470837743e-14,
      0.8301095569906763
    ],
    [
      1.3814677493436555e-15,
      0.00701809538870223,
      0.010225072567884266,
      1.6386468930168002e-16,
      7.153825021116163e-16,
      3.1358517354179615e-16,
      0.025410738359365238,
      0.009576798971431402,
      0.010551128567253555,
      0.03239328244470922
    ],
    [
      -8.858046833162794e-16,
      -0.007018095388703885,
      0.010225072567884286,
      3.052531788101781e-16,
      7.675738389202805e-17,
      9.710068193308378e-16,
      -0.02541073835937189,
      0.009576798971430723,
      -0.010551128567256863,
      0.032393282444709494
    ]
  ],
  "valence_charges": [
    [
      -7.301034565650748
    ],
    [
      -0.5313821703866465
    ],
    [
      -0.5313821703866548
    ]
  ],
  "valence_widths": [
    [
      0.4109278541896548
    ],
    [
      0.3393949364835826
    ],
    [
      0.3393949364835869
    ]
  ],
  "radial_moments": [
    [
      30.113155278095558
    ],
    [
      1.2635572519925267
    ],
    [
      1.2635572519925775
    ]
  ]
}