{
  "energy": -135.34750293098503,
  "atoms": [
    "N",
    "C",
    "H",
    "H",
    "H",
    "H",
    "H",
    "C",
    "H",
    "H",
    "H"
  ],
  "charges": [
    [
      -0.64889445153585
    ],
    [
      0.022196539345295085
    ],
    [
      0.4247912266725468
    ],
    [
      0.4253681019869512
    ],
    [
      0.42536810198695335
    ],
    [
      0.1441494793378877
    ],
    [
      0.14414947933787522
    ],
    [
      -0.45704095720492804
    ],
    [
      0.16070230445122435
    ],
    [
      0.19848328524890255
    ],
    [
      0.16070230445120876
    ]
  ],
  "dipoles": [
    [
      0.10520133024361004,
      0.07386885160607823,
      -2.9052061264758637e-15
    ],
    [
      -0.02173780820123448,
      -0.09969128012969526,
      1.1687963671434587e-14
    ],
    [
      -0.02897211889439381,
      0.024325851264028732,
      -4.400470544786139e-16
    ],
    [
      0.006959970490733479,
      -0.017912815432224543,
      0.031650821342123034
    ],
    [
      0.006959970490734413,
      -0.01791281543222347,
      -0.03165082134211931
    ],
    [
      0.005508973046036515,
      0.03699057994901967,
      0.0583231411338379
    ],
    [
      0.005508973046035905,
      0.036990579949019275,
      -0.05832314113383624
    ],
    [
      -0.008050512410345665,
      0.019752688589134062,
      -4.0134011644289774e-15
    ],
    [
      0.014367082782506077,
      -0.026869894772278625,
      0.04330574981583044
    ],
    [
      0.04009634306883622,
      0.03425673898984587,
      -8.978761840425443e-16
    ],
    [
      0.014367082782507673,
      -0.026869894772280623,
      -0.043305749815834585
    ]
  ],
  "quadrupoles": [
    [
      -4.710348035429772,
      -0.04964552646108146,
      -2.5935330991514294e-15,
      -4.729393625483774,
      -5.1924833443537735e-15,
      -4.66063694984714
    ],
    [
      -4.182492275087669,
      0.13817336895968635,
      -3.3289696509061217e-15,
      -4.1942780059619755,
      5.9521016417159834e-15,
      -4.183708147139936
    ],
    [
      -0.23944648631509596,
      0.0005440394130534746,
      2.4585278308255705e-16,
      -0.23702173295266588,
      -1.8581323159997507e-16,
      -0.2391885523292909
    ],
    [
      -0.237581667892825,
      0.0014645890261833147,
      0.00037225745299740746,
      -0.2392916873096809,
      0.0011241331826451011,
      -0.23868343111017368
    ],
    [
      -0.23758166789281768,
      0.0014645890261831265,
      -0.00037225745299829276,
      -0.23929168730967249,
      -0.0011241331826453062,
      -0.2386834311101673
    ],
    [
      -0.445864538059153,
      0.008390057584907021,
      0.0003943469264309826,
      -0.4541322889049137,
      0.0019916169501522835,
      -0.45952526320624987
    ],
    [
      -0.44586453805914994,
      0.008390057584906923,
      -0.00039434692643006174,
      -0.45413228890491,
      -0.001991616950151427,
      -0.4595252632062471
    ],
    [
      -4.9784941837109775,
      -0.018997848982501807,
      -4.6663673899528054e-15,
      -4.9983652265873,
      -1.9318913243004004e-16,
      -4.973758786843986
    ],
    [
      -0.45812225744527746,
      -0.008116794519252736,
      0.000196771629146174,
      -0.4667309556195452,
      0.0020171298841673954,
      -0.46463690454708395
    ],
    [
      -0.4195109767142707,
      -0.0046129053139684585,
      1.4285390799315196e-17,
      -0.4208401873822979,
      8.536202673007807e-16,
      -0.4265496766680506
    ],
    [
      -0.4581222574452959,
      -0.008116794519254266,
      -0.0001967716291467372,
      -0.46673095561956746,
      -0.002017129884167001,
      -0.46463690454710305
    ]
  ],
  "octupoles": [
    [
      0.12717081219457757,
      -0.196962766807431,
      1.5183054721727483e-14,
      -0.08475393642726944,
      6.8428406077165195e-15,
      0.054936485312864713,
      0.08494071835717602,
      6.3098596339981045e-15,
      0.24460343567883477,
      3.405563141257645e-14
    ],
    [
      -0.11640241399460748,
      0.2668149493272842,
      -4.5015972686661476e-15,
      0.12806249292441294,
      8.028247638750676e-15,
      0.028370996039297366,
      -0.07544316617557797,
      2.521861361739864e-14,
      -0.16375026261963346,
      7.001611462109575e-15
    ],
    [
      -0.015903778379658867,
      0.006056160556029302,
      -8.174466211443693e-16,
      -0.007338576093466819,
      1.9373278323350137e-16,
      -0.0043359541868483445,
      0.024719169028145044,
      -2.2539604421499057e-17,
      0.012390272540127983,
      -1.0146607328586012e-15
    ],
    [
      0.011821682933129905,
      -0.004998775349949188,
      0.006003819032465495,
      0.003086372894535281,
      0.0002255504481268383,
      0.004171009313049513,
      -0.00591254435561374,
      0.009197789502804707,
      0.0005051271048848793,
      0.02609980514502672
    ],
    [
      0.011821682933129943,
      -0.004998775349948706,
      -0.006003819032464071,
      0.0030863728945352818,
      -0.00022555044812637445,
      0.004171009313051614,
      -0.005912544355613935,
      -0.009197789502803595,
      0.000505127104886004,
      -0.026099805145023
    ],
    [
      0.016333066630341484,
      0.012646105118970687,
      0.01876271589002322,
      0.00616672316245408,
      -0.0017844532510979017,
      0.011442305190186238,
      0.02255753386210438,
      0.020216033453873895,
      0.000321886349635149,
      0.058715574323762044
    ],
    [
      0.01633306663033794,
      0.012646105118969849,
      -0.018762715890024255,
      0.006166723162453051,
      0.0017844532510986402,
      0.01144230519018534,
      0.022557533862102658,
      -0.020216033453873166,
      0.0003218863496335395,
      -0.05871557432375734
    ],
    [
      0.3012183281368597,
      -0.359271769205209,
      -1.3241849499663618e-14,
      0.09466872582075829,
      -1.0913163610859664e-15,
      -0.01069166943781021,
      0.2183953242192393,
      -2.4098883872842256e-14,
      0.3056083947494157,
      -8.613455372089359e-14
    ],
    [
      0.02065069018008041,
      -0.012181828124372625,
      0.008046443089236459,
      0.0060050954900505065,
      -0.001340132431769803,
      0.007148529114923527,
      -0.010871110282590517,
      0.014912231282236926,
      0.003133612149267641,
      0.03698413264982777
    ],
    [
      0.033948041074472336,
      0.005826707078719886,
      3.7870581431266343e-16,
      0.008738124100925488,
      -2.785965960131877e-16,
      0.006239591680480749,
      0.029911509409830228,
      2.463642128605429e-15,
      0.018907953209808846,
      -1.7530572908988889e-15
    ],
    [
      0.020650690180086525,
      -0.012181828124379592,
      -0.008046443089240983,
      0.006005095490052205,
      0.0013401324317703072,
      0.007148529114925006,
      -0.010871110282601229,
      -0.014912231282245956,
      0.0031336121492641115,
      -0.036984132649847776
    ]
  ],
  "valence_charges": [
    [
      -6.039708282130781
    ],
    [
      -4.341246396385374
    ],
    [
      -0.5752087796642045
    ],
    [
      -0.5746319047662781
    ],
    [
      -0.5746319047662668
    ],
    [
      -0.855850506620917
    ],
    [
      -0.8558505066209037
    ],
    [
      -4.824813186591483
    ],
    [
      -0.8392977098902059
    ],
    [
      -0.8015167282231809
    ],
    [
      -0.8392977098901945
    ]
  ],
  "valence_widths": [
    [
      0.445385469404341
    ],
    [
      0.49506678687474337
    ],
    [
      0.32568751322369544
    ],
    [
      0.32569389516844466
    ],
    [
      0.32569389516844227
    ],
    [
      0.3681094264035896
    ],
    [
      0.36810942640359057
    ],
    [
      0.5132183075608372
    ],
    [
      0.3747158261120598
    ],
    [
      0.366792715450694
    ],
    [
      0.37471582611207305
    ]
  ],