{
  "energy": -135.34750293098503,
  "atoms": [
    "N",
    "C",
    "H",
    "H",
    "H",
    "H",
    "H",
    "C",
    "H",
    "H",
    "H"
  ],
  "charges": [
    [
      -0.6813417558676734
    ],
    [
      0.05761562355299899
    ],
    [
      0.4306027595608634
    ],
    [
      0.43128628548291265
    ],
    [
      0.43128628548291925
    ],
    [
      0.13511638520665134
    ],
    [
      0.13511638520664274
    ],
    [
      -0.4279623092512956
    ],
    [
      0.15057105753289776
    ],
    [
      0.18711541304379414
    ],
    [
      0.15057105753288486
    ]
  ],
  "dipoles": [
    [
      0.10371307021721285,
      0.07250953553870786,
      4.813685695494412e-15
    ],
    [
      -0.03196711785480309,
      -0.09784921573583005,
      -5.154175287016283e-15
    ],
    [
      -0.031219301413742268,
      0.025392029131967718,
      -5.338172635626085e-16
    ],
    [
      0.007076801524789273,
      -0.01952882531815091,
      0.03362274677572119
    ],
    [
      0.007076801524790392,
      -0.019528825318150714,
      -0.0336227467757207
    ],
    [
      0.00424272082274751,
      0.03926691751970014,
      0.062337923170493637
    ],
    [
      0.004242720822745468,
      0.03926691751969845,
      -0.06233792317049151
    ],
    [
      -0.003360697284994734,
      0.014402790588555885,
      -1.0654874469683497e-15
    ],
    [
      0.014408357161285487,
      -0.029319883795699643,
      0.04670026030591604
    ],
    [
      0.043432067847599495,
      0.03701652662316039,
      9.938662652876564e-16
    ],
    [
      0.014408357161285563,
      -0.029319883795699667,
      -0.04670026030591797
    ]
  ],
  "quadrupoles": [
    [
      -4.756513975194441,
      -0.05786783696818454,
      -1.9112377371209084e-15,
      -4.771258855615949,
      -4.15878028889547e-15,
      -4.697318390961184
    ],
    [
      -4.154536087217918,
      0.14201306415470547,
      -4.956488932163379e-16,
      -4.16195622649697,
      3.30032807175518e-16,
      -4.144566075764955
    ],
    [
      -0.23180891249152438,
      0.00024956002152742347,
      5.24657752788688e-16,
      -0.23008556185521092,
      -1.3651580847713564e-16,
      -0.2323620608677007
    ],
    [
      -0.23045624984591173,
      0.0013263894368625222,
      0.000397534279249253,
      -0.2317990724031699,
      0.0005932998768639234,
      -0.2311192291907976
    ],
    [
      -0.2304562498459108,
      0.0013263894368623222,
      -0.00039753427924996935,
      -0.23179907240316808,
      -0.0005932998768640089,
      -0.23111922919079875
    ],
    [
      -0.444969529566569,
      0.008499793487556844,
      -0.00020107495815615712,
      -0.4538295514388034,
      0.0025852758823633228,
      -0.4586684131603774
    ],
    [
      -0.44496952956656516,
      0.008499793487556589,
      0.0002010749581572521,
      -0.4538295514387969,
      -0.00258527588236242,
      -0.4586684131603707
    ],
    [
      -4.956149432322785,
      -0.009608761331338997,
      1.5661619315176854e-15,
      -4.968612205473075,
      -5.312059039220757e-16,
      -4.943129435138428
    ],
    [
      -0.4591542966368975,
      -0.007904651000409452,
      -0.00012118191105355938,
      -0.4677045500224596,
      0.0011414902405147607,
      -0.4651363132862176
    ],
    [
      -0.42223418929819834,
      -0.004041877198489609,
      -2.585517661444219e-16,
      -0.4236753434854385,
      4.870543747874449e-16,
      -0.43046800768953136
    ],
    [
      -0.45915429663690316,
      -0.007904651000410143,
      0.00012118191105329379,
      -0.46770455002246275,
      -0.0011414902405151733,
      -0.46513631328621985
    ]
  ],
  "octupoles": [
    [
      0.10576541936863859,
      -0.21613747395347369,
      5.817410050513036e-15,
      -0.09501829979236043,
      3.628239958205364e-15,
      0.051798781691911315,
      0.070815915654731,
      -5.482766219540275e-15,
      0.25289080989817386,
      -3.5261510244947142e-15
    ],
    [
      -0.14378950767916995,
      0.2960738644853291,
      -1.150320236088725e-14,
      0.12586784616765134,
      7.500200918535142e-15,
      0.015081701985067702,
      -0.07450996156872669,
      2.161045696292367e-14,
      -0.1731378246738364,
      1.5565073814355587e-14
    ],
    [
      -0.018808056439261485,
      0.0061952620993142036,
      -8.364754699519171e-16,
      -0.008069120558665047,
      1.9751077806347083e-16,
      -0.005314755972297316,
      0.026025545015127143,
      -2.945697992578228e-16,
      0.012895401235200306,
      -2.4401623548444017e-15
    ],
    [
      0.012157749652057397,
      -0.005922819818626079,
      0.006974448532611202,
      0.003172172232966759,
      0.0002755604741386798,
      0.004209750881057942,
      -0.008257815455619748,
      0.009985295726858783,
      -8.17416880518303e-05,
      0.028274868250133076
    ],
    [
      0.012157749652057601,
      -0.005922819818626524,
      -0.006974448532610351,
      0.0031721722329666104,
      -0.0002755604741382516,
      0.004209750881059203,
      -0.008257815455621402,
      -0.00998529572685904,
      -8.174168805116992e-05,
      -0.028274868250132687
    ],
    [
      0.01348523072367388,
      0.013866490278593912,
      0.02033166868682442,
      0.0050774779739390236,
      -0.001981291958734045,
      0.010560562956771158,
      0.024394298420457792,
      0.022156705411359084,
      0.0006008853375928673,
      0.06369371870927967
    ],
    [
      0.01348523072367158,
      0.013866490278591957,
      -0.020331668686823255,
      0.005077477973937107,
      0.0019812919587344226,
      0.010560562956771012,
      0.024394298420454496,
      -0.02215670541135645,
      0.0006008853375902051,
      -0.06369371870927423
    ],
    [
      0.32575739489703515,
      -0.38652184293453457,
      4.48660282677995e-16,
      0.09362058039398453,
      -1.8826771152619127e-15,
      -0.01805071940148155,
      0.19997547746353986,
      -9.364703322939953e-15,
      0.3090757861226568,
      -4.3061132139390415e-14
    ],
    [
      0.019274908563656837,
      -0.014104723755741705,
      0.009405099898091183,
      0.0052473467294921255,
      -0.0014350036844395387,
      0.0066036979029465235,
      -0.014390108579274747,
      0.016614276239958,
      0.00228980541354908,
      0.04127719578879242
    ],
    [
      0.03819771292207491,
      0.006789593327935117,
      4.51605559291113e-16,
      0.009912767308125606,
      -3.659142951215569e-16,
      0.007208709838212129,
      0.033187832054569225,
      1.3853422479862834e-15,
      0.020680545912879208,
      -1.0263163174935832e-17
    ],
    [
      0.01927490856365613,
      -0.014104723755742371,
      -0.009405099898093166,
      0.0052473467294930866,
      0.0014350036844395788,
      0.006603697902948212,
      -0.014390108579280924,
      -0.016614276239960594,
      0.002289805413547942,
      -0.041277195788797856
    ]
  ],
  "valence_charges": [
    [
      -6.0773405989205145
    ],
    [
      -4.30672187846363
    ],
    [
      -0.569397246563251
    ],
    [
      -0.5687137210361548
    ],
    [
      -0.5687137210361469
    ],
    [
      -0.8648836009344452
    ],
    [
      -0.8648836009344488
    ],
    [
      -4.797278024137502
    ],
    [
      -0.8494289567944631
    ],
    [
      -0.8128846004668532
    ],
    [
      -0.8494289567944583
    ]
  ],
  "valence_widths": [
    [
      0.44659946299664516
    ],
    [
      0.49557701421840095
    ],
    [
      0.32275956392787597
    ],
    [
      0.3226361049687713
    ],
    [
      0.32263610496877343
    ],
    [
      0.3662475763683675
    ],
    [
      0.3662475763683643
    ],
    [
      0.5138304743404198
    ],
    [
      0.3731318258179751
    ],
    [
      0.3658449923417152
    ],
    [
      0.3731318258179785
    ]
  ],