{
  "energy": -205.4966155374982,
  "atoms": [
    "C",
    "N",
    "N",
    "N",
    "H",
    "H",
    "H",
    "H",
    "H",
    "H"
  ],
  "charges": [
    [
      1.0910113766268927
    ],
    [
      -0.9375850322786153
    ],
    [
      -0.9374982015308929
    ],
    [
      -0.9374982015311053
    ],
    [
      0.4535908983080222
    ],
    [
      0.4535903968307648
    ],
    [
      0.45360122606326614
    ],
    [
      0.45360122606328257
    ],
    [
      0.45359039683081276
    ],
    [
      0.45359089830805444
    ]
  ],
  "dipoles": [
    [
      -2.8090419313330345e-15,
      -3.273129365425033e-15,
      1.2938093191891038e-05
    ],
    [
      2.9831181779843537e-14,
      5.471041703996201e-15,
      0.036664575792657673
    ],
    [
      -0.03173073636427892,
      -2.8422150794172633e-15,
      -0.01829645982775087
    ],
    [
      0.03173073636429002,
      6.826421027738909e-15,
      -0.01829645982773937
    ],
    [
      -0.004263936678087778,
      -1.0191743116763627e-15,
      -0.029721385812889696
    ],
    [
      -0.02787217939353328,
      8.524772303378721e-17,
      0.011167516179949898
    ],
    [
      0.02360538350404635,
      1.0188114677764469e-15,
      0.018555751007477465
    ],
    [
      -0.02360538350403807,
      1.0805283024780201e-15,
      0.01855575100747137
    ],
    [
      0.027872179393523558,
      1.2204961365538224e-15,
      0.011167516179944124
    ],
    [
      0.004263936678087766,
      -5.990376390983812e-16,
      -0.029721385812880988
    ]
  ],
  "quadrupoles": [
    [
      -2.6763765137946414,
      -3.3780521830351535e-15,
      -5.058809626832118e-15,
      -2.5247554887226786,
      1.1879445701614288e-16,
      -2.676422213038283
    ],
    [
      -5.188059081590281,
      -3.87344289569084e-15,
      1.8956985039547597e-14,
      -5.196771705148509,
      -1.9092220740144503e-15,
      -5.18218603822913
    ],
    [
      -5.18352226514755,
      -4.0331229668457616e-15,
      0.002471416976651843,
      -5.196648688172511,
      4.043552459459252e-15,
      -5.186319593669968
    ],
    [
      -5.183522265147919,
      1.9409472861754858e-15,
      -0.0024714169766716144,
      -5.196648688172572,
      -4.613747641996076e-15,
      -5.1863195936702
    ],
    [
      -0.2146920300541846,
      6.264146658393857e-17,
      0.0012256433626091068,
      -0.23173510259153857,
      2.918317314598317e-16,
      -0.2229427529003508
    ],
    [
      -0.21981762540176936,
      4.493542224697575e-17,
      0.004184974756358274,
      -0.23173254953518824,
      4.522279177060813e-16,
      -0.21781281782820489
    ],
    [
      -0.2219317965356066,
      1.2088025598628519e-16,
      -0.0029587311596727013,
      -0.2317241254069299,
      3.9216646554858766e-17,
      -0.21568877029641237
    ],
    [
      -0.22193179653557432,
      -5.737144703666137e-17,
      0.0029587311596723314,
      -0.23172412540689802,
      -3.6009270104500617e-16,
      -0.21568877029638714
    ],
    [
      -0.21981762540172844,
      8.553838330510356e-16,
      -0.0041849747563582704,
      -0.2317325495351431,
      -4.811302847646111e-16,
      -0.21781281782816173
    ],
    [
      -0.2146920300541556,
      3.2847945379512453e-16,
      -0.00122564336260926,
      -0.23173510259150876,
      -4.910664107089086e-16,
      -0.22294275290032362
    ]
  ],
  "octupoles": [
    [
      3.344556364926293e-14,
      1.5019745859989912e-15,
      0.16859262580271997,
      1.624154801601102e-14,
      -2.745558820302852e-16,
      1.3238859449488387e-14,
      -1.1628512634106638e-14,
      -1.4374876948163083e-07,
      -6.808801211190236e-15,
      -0.16856559714403624
    ],
    [
      1.4444973412685584e-13,
      1.1772321390498868e-14,
      -0.21813024740075646,
      2.313719113175397e-14,
      -8.395306030837048e-15,
      5.3341164149955436e-14,
      -3.2427512654650573e-14,
      -0.03691625229475812,
      -3.839144586668679e-15,
      0.6291946168574639
    ],
    [
      -0.26693979538513346,
      2.0564612567199153e-14,
      -0.372287602994586,
      0.03204036700384845,
      -2.4302518687306905e-14,
      -0.08896720434265398,
      5.237725940154578e-15,
      0.018519001184466186,
      2.0880028751696185e-14,
      0.1669629461475665
    ],
    [
      0.26693979538505513,
      1.6071763264971704e-14,
      -0.37228760299467256,
      -0.03204036700386004,
      -1.0934329076268262e-14,
      0.08896720434262068,
      -3.324053858363181e-14,
      0.018519001184440477,
      -2.0939994960880383e-14,
      0.1669629461476093
    ],
    [
      -0.006688416978805622,
      -1.3849685915438171e-17,
      -0.006262230674550684,
      -0.001698298419523787,
      -1.3438123207508207e-17,
      -0.002331056154788449,
      -1.6651754119290233e-15,
      -0.005890248587669756,
      -7.802045996781649e-16,
      -0.018811294358374333
    ],
    [
      -0.019743368150486794,
      -1.5277427342065246e-16,
      0.0011871060516476272,
      -0.005949878970160914,
      -8.144967932919448e-16,
      -0.006480261722301097,
      4.603048763541753e-16,
      0.0014754102864409787,
      6.862361771571547e-16,
      0.003541922356419857
    ],
    [
      0.01282771597182124,
      2.608399357528237e-16,
      0.005093353888945896,
      0.004250802336211546,
      1.0958435612806866e-16,
      0.004374213216727351,
      1.3437256962043167e-15,
      0.00441899605678948,
      1.3329079874719182e-17,
      0.015265076192431863
    ],
    [
      -0.012827715971809166,
      2.6474348529061187e-16,
      0.005093353888943631,
      -0.00425080233620732,
      3.171883279019545e-16,
      -0.004374213216723132,
      -2.2066739822053753e-16,
      0.004418996056787319,
      -1.8054441221933487e-16,
      0.015265076192427052
    ],
    [
      0.019743368150461307,
      8.900399333152337e-16,
      0.001187106051642804,
      0.005949878970154905,
      -5.157794864456732e-16,
      0.006480261722292451,
      1.438474733451309e-15,
      0.0014754102864361382,
      -1.0208620932466108e-16,
      0.0035419223564109883
    ],
    [
      0.006688416978804127,
      3.9179779775619907e-16,
      -0.006262230674547147,
      0.0016982984195244655,
      -1.4022174569929699e-16,
      0.0023310561547880393,
      1.2630724736360117e-15,
      -0.0058902485876650345,
      4.6085748526108655e-16,
      -0.018811294358358214
    ]
  ],
  "valence_charges": [
    [
      -3.2535623645923453
    ],
    [
      -6.3174819837799
    ],
    [
      -6.317401969645033
    ],
    [
      -6.317401969645222
    ],
    [
      -0.5464091062753685
    ],
    [
      -0.5464096077526124
    ],
    [
      -0.5463987785204432
    ],
    [
      -0.5463987785204062
    ],
    [
      -0.546409607752596
    ],
    [
      -0.5464091062753366
    ]
  ],
  "valence_widths": [
    [
      0.44994006344262877
    ],
    [
      0.45710580559789216
    ],
    [
      0.4571008969568655
    ],
    [
      0.4571008969568688
    ],
    [
      0.32273068897242035
    ],
    [
      0.3227293342387838
    ],
    [
      0.32272764976998175
    ],
    [
      0.32272764976996826
    ],
    [
      0.3227293342387462
    ],
    [
      0.3227306889724035
    ]
  ],
  "radial_moments": [
    [
      17.06420970519402
    ],
    [
      34.31010909118281
    ],
    [
      34.30865097356743
    ],
    [
      34.30865097356946
    ],
    [
      1.0527262700982039
    ],
    [
      1.052705361818331
    ],
    [
      1.0526752016366574
    ],
    [
      1.052675201636464
    ],
    [
      1.0527053618180608
    ],
    [
      1.0527262700980284
    ]
  ]
}