{
  "energy": -205.4966155374982,
  "atoms": [
    "C",
    "N",
    "N",
    "N",
    "H",
    "H",
    "H",
    "H",
    "H",
    "H"
  ],
  "charges": [
    [
      1.2172972260761032
    ],
    [
      -0.9990395216329303
    ],
    [
      -0.9989603000463138
    ],
    [
      -0.9989603000461319
    ],
    [
      0.46327373483149364
    ],
    [
      0.46327262609054193
    ],
    [
      0.46328288578590016
    ],
    [
      0.4632828857859244
    ],
    [
      0.463272626090483
    ],
    [
      0.4632737348314683
    ]
  ],
  "dipoles": [
    [
      4.987273013432526e-15,
      1.0131351804114533e-14,
      1.059220091757454e-05
    ],
    [
      4.099303249872416e-14,
      1.3921303740596154e-16,
      0.05111137854496827
    ],
    [
      -0.0442417829683199,
      3.491964011137892e-15,
      -0.02552485617053351
    ],
    [
      0.04424178296840911,
      7.70111703076724e-15,
      -0.02552485617056154
    ],
    [
      -0.004447309372814367,
      -1.3332634557450517e-16,
      -0.031592464548575505
    ],
    [
      -0.02958446293801941,
      -4.514923206229229e-16,
      0.011944130780017218
    ],
    [
      0.02513432223146975,
      1.0799579165240348e-15,
      0.019649611914076572
    ],
    [
      -0.02513432223146342,
      1.1582737899460726e-15,
      0.019649611914070834
    ],
    [
      0.02958446293803693,
      1.1691625075941916e-15,
      0.011944130780024605
    ],
    [
      0.004447309372816273,
      -8.290760468551571e-16,
      -0.03159246454858743
    ]
  ],
  "quadrupoles": [
    [
      -2.5392660646912044,
      -4.694583655605155e-16,
      6.956984495990579e-15,
      -2.3503302487865008,
      1.5030966006271378e-16,
      -2.5393017199386008
    ],
    [
      -5.242501928837223,
      -1.947423534861713e-15,
      5.000574981273462e-15,
      -5.259473149850829,
      -2.122309136578271e-15,
      -5.242098549128222
    ],
    [
      -5.242076918202016,
      -2.8306059621979767e-15,
      0.00010643081251335714,
      -5.259363069901615,
      3.7228787670905616e-15,
      -5.2421573863256095
    ],
    [
      -5.242076918201836,
      5.3416469100276686e-15,
      -0.00010643081248331386,
      -5.259363069901525,
      -4.581626234326507e-15,
      -5.24215738632568
    ],
    [
      -0.20512726297580888,
      -1.4559974771974102e-17,
      0.0009712038455210835,
      -0.2223247151610104,
      4.1456324067114135e-16,
      -0.2125137657752824
    ],
    [
      -0.20982587885234447,
      6.555770727156918e-17,
      0.003683294641118116,
      -0.2223230258415873,
      4.253379031187184e-16,
      -0.20781292143230254
    ],
    [
      -0.21149965536541585,
      1.1460380290478574e-16,
      -0.0027118497898056242,
      -0.22231500329077308,
      5.69072442453109e-17,
      -0.20612889460003953
    ],
    [
      -0.21149965536539314,
      -6.57547656945397e-17,
      0.0027118497898046905,
      -0.22231500329074502,
      -2.6014383934287963e-16,
      -0.2061288946000157
    ],
    [
      -0.20982587885240164,
      6.447340332002341e-16,
      -0.0036832946411200548,
      -0.22232302584165534,
      6.421705583087893e-17,
      -0.2078129214323661
    ],
    [
      -0.2051272629758279,
      4.0810280903608638e-16,
      -0.0009712038455213114,
      -0.2223247151610313,
      -6.13313695319258e-16,
      -0.21251376577530676
    ]
  ],
  "octupoles": [
    [
      5.065155333267168e-14,
      -9.96989264757555e-16,
      0.1731684689863269,
      4.979955928537575e-15,
      -2.39689098361811e-15,
      9.371236909581199e-15,
      -1.585653514431831e-14,
      7.523746477685152e-07,
      1.2995201557779299e-15,
      -0.17315184552309917
    ],
    [
      1.5393658076117283e-13,
      -2.708069768958638e-15,
      -0.20708533837843676,
      1.1433187693339873e-14,
      -1.1693485272787946e-14,
      4.0120243426270334e-14,
      -1.2423820260920379e-14,
      -0.019327746471718452,
      -7.228894779429508e-15,
      0.718344001705594
    ],
    [
      -0.3320131668656315,
      3.9418738229356295e-15,
      -0.3988230224522376,
      0.01680036721394069,
      -1.8938472866027863e-14,
      -0.11065495686092328,
      -2.992444816126729e-14,
      0.009719540270162355,
      1.4452853856711878e-14,
      0.14337253979058442
    ],
    [
      0.3320131668660021,
      2.0766709521940913e-15,
      -0.3988230224521942,
      -0.016800367213811302,
      -5.93874664406449e-15,
      0.11065495686106096,
      -1.2090888365433653e-14,
      0.009719540270153263,
      1.478855806594311e-15,
      0.14337253979044512
    ],
    [
      -0.006513870786331848,
      -5.767991011315999e-16,
      -0.007302088958597083,
      -0.0018315630874963836,
      -4.6547469038925225e-18,
      -0.0022275248032807135,
      3.941710185313663e-16,
      -0.007532766235456868,
      -8.858837489615049e-16,
      -0.021310217017952434
    ],
    [
      -0.021904315240597376,
      -3.181712646557123e-16,
      0.001534098492167718,
      -0.0074391580573170395,
      -5.680917703605305e-16,
      -0.007246239086705378,
      -3.2334086221674903e-16,
      0.002181040743253408,
      7.681787313751172e-16,
      0.005203581765899004
    ],
    [
      0.015264260909370947,
      -3.2426027690878343e-16,
      0.005320273668034796,
      0.005606786875968694,
      1.5486242885421178e-16,
      0.005141354845302373,
      7.1325389279820115e-16,
      0.0053550253875905935,
      3.901013477626534e-16,
      0.016565557172154334
    ],
    [
      -0.015264260909354186,
      3.250461885947576e-17,
      0.005320273668033513,
      -0.005606786875963837,
      2.9498117513427847e-16,
      -0.00514135484529688,
      -4.199092476550946e-16,
      0.005355025387587705,
      2.6071526965577397e-16,
      0.016565557172145154
    ],
    [
      0.021904315240635016,
      1.6394793631930657e-15,
      0.0015340984921712337,
      0.007439158057329705,
      -5.504589938861095e-16,
      0.0072462390867169355,
      1.0121521135257648e-15,
      0.0021810407432572942,
      -6.571743596841873e-17,
      0.005203581765909821
    ],
    [
      0.006513870786336052,
      2.423104994198021e-16,
      -0.007302088958601721,
      0.0018315630874982847,
      -1.9200020543478922e-16,
      0.0022275248032823194,
      3.089588520570623e-16,
      -0.007532766235462378,
      4.2162594404431385e-16,
      -0.021310217017964653
    ]
  ],
  "valence_charges": [
    [
      -3.1255507048449918
    ],
    [
      -6.38662443457023
    ],
    [
      -6.386551253338239
    ],
    [
      -6.3865512533381725
    ],
    [
      -0.5367262693719826
    ],
    [
      -0.5367273781129537
    ],
    [
      -0.536717118417852
    ],
    [
      -0.5367171184178373
    ],
    [
      -0.5367273781130141
    ],
    [
      -0.5367262693720466
    ]
  ],
  "valence_widths": [
    [
      0.445946229166828
    ],
    [
      0.4581016030734577
    ],
    [
      0.45809723762508786
    ],
    [
      0.45809723762509236
    ],
    [
      0.31880874280226623
    ],
    [
      0.3188077914141463
    ],
    [
      0.3188058710914806
    ],
    [
      0.31880587109146036
    ],
    [
      0.31880779141418825
    ],
    [
      0.31880874280226673
    ]
  ],
  "radial_moments": [
    [
      15.885014224615967
    ],
    [
      34.52469964094209
    ],
    [
      34.52338837383381
    ],
    [
      34.523388373833704
    ],
    [
      0.9898066871537995
    ],
    [
      0.989793239965266
    ],
    [
      0.9897627950116621
    ],
    [
      0.9897627950114771
    ],
    [
      0.9897932399656646
    ],
    [
      0.9898066871538995
    ]
  ]
}