{
  "energy": -96.08512973134644,
  "atoms": [
    "N",
    "C",
    "H",
    "H",
    "H",
    "H",
    "H",
    "H"
  ],
  "charges": [
    [
      -0.6192230230509693
    ],
    [
      -0.1675072578055496
    ],
    [
      0.4265662972097668
    ],
    [
      0.42656575346151243
    ],
    [
      0.42656575346151476
    ],
    [
      0.1690032591708037
    ],
    [
      0.169003259170797
    ],
    [
      0.16900480283919986
    ]
  ],
  "dipoles": [
    [
      -1.2308904640429781e-05,
      -0.1394703729523635,
      5.512801937311986e-15
    ],
    [
      6.08136494625143e-06,
      0.1070571041729768,
      6.309935151559329e-16
    ],
    [
      -0.037966224060853176,
      0.006838871736158053,
      1.0482768221329954e-15
    ],
    [
      0.018982228874466763,
      0.0068402731832073555,
      -0.032879704122490874
    ],
    [
      0.018982228874467606,
      0.0068402731832073495,
      0.032879704122492824
    ],
    [
      -0.030951428261600227,
      -0.026111374071702224,
      -0.05361190463594399
    ],
    [
      -0.03095142826160035,
      -0.026111374071701384,
      0.05361190463594685
    ],
    [
      0.06190601314064196,
      -0.026109050257595936,
      -1.926927508842994e-15
    ]
  ],
  "quadrupoles": [
    [
      -4.590290248697832,
      1.1783767249911439e-05,
      -8.430742675178948e-15,
      -4.695516876393774,
      3.254641117398375e-15,
      -4.590223253230605
    ],
    [
      -4.468662686262163,
      -4.324603321618498e-06,
      -8.662095359389053e-15,
      -4.247430212964359,
      3.744098293352926e-15,
      -4.468580715267789
    ],
    [
      -0.23608728415541044,
      0.0013285511259252408,
      -8.605103759503235e-16,
      -0.2348320641865191,
      6.93890664155951e-17,
      -0.23727452794940035
    ],
    [
      -0.23697657125239643,
      -0.0006632795420969587,
      -0.0005138356643150757,
      -0.23483334751696971,
      0.001150142076072219,
      -0.2363835874504223
    ],
    [
      -0.2369765712523971,
      -0.0006632795420968242,
      0.0005138356643149102,
      -0.23483334751697316,
      -0.0011501420760721658,
      -0.2363835874504233
    ],
    [
      -0.4468277174878347,
      0.0003254029133775948,
      0.005377460665248474,
      -0.42494404677070474,
      0.0005605277699672,
      -0.4406201200846206
    ],
    [
      -0.4468277174878363,
      0.0003254029133774706,
      -0.0053774606652494655,
      -0.4249440467707097,
      -0.0005605277699679253,
      -0.4406201200846141
    ],
    [
      -0.437514297877161,
      -0.0006465391314331038,
      -4.564921739502855e-16,
      -0.42494235979902784,
      7.950828835978419e-16,
      -0.4499343806510104
    ]
  ],
  "octupoles": [
    [
      0.12939596091949712,
      -0.2074702579897186,
      2.1480985753956476e-14,
      3.98814404474497e-06,
      -4.5614941555005795e-15,
      -0.12951314792663396,
      0.21875596579366852,
      1.6795918701122983e-14,
      -0.2075327248663862,
      5.0029580721036875e-14
    ],
    [
      -0.09227060454871618,
      0.2162470124285795,
      -1.0964943852444754e-14,
      -3.246727583228151e-05,
      -5.377581570272708e-17,
      0.09236383217004139,
      -0.5032669685993646,
      -1.2222370824498496e-15,
      0.21630903097760423,
      1.7814274147066303e-14
    ],
    [
      -0.03081753953778051,
      -0.002913718149648737,
      1.1461264532411141e-15,
      -0.009867727864771874,
      1.986874261396441e-16,
      -0.01299351374316005,
      0.00012897636754020318,
      6.761640776285694e-16,
      -0.0049728300033768024,
      2.9642978431273488e-15
    ],
    [
      0.018468119262412853,
      -0.004456347554394698,
      -0.009486516329404109,
      0.004931587236198105,
      -0.0008911456624247175,
      0.0034350424327025666,
      0.0001320956887656273,
      -0.00854501211171919,
      -0.003427336378353205,
      -0.02845678501756942
    ],
    [
      0.01846811926241415,
      -0.004456347554394964,
      0.009486516329405458,
      0.004931587236198358,
      0.0008911456624246777,
      0.0034350424327029847,
      0.00013209568876701894,
      0.008545012111720558,
      -0.003427336378352578,
      0.028456785017573667
    ],
    [
      -0.037200454231809836,
      -0.003550862265258324,
      -0.017289093629549692,
      -0.008026967843141266,
      -0.0023180345376278477,
      -0.0027118768999296193,
      -0.02898590135038093,
      -0.013909400734851227,
      -0.006228019411598262,
      -0.05185814878840687
    ],
    [
      -0.03720045423180844,
      -0.003550862265256789,
      0.01728909362955004,
      -0.008026967843136864,
      0.0023180345376277323,
      -0.002711876899932021,
      -0.028985901350377173,
      0.013909400734851017,
      -0.006228019411599447,
      0.051858148788415305
    ],
    [
      0.05261261026984268,
      -0.0075648159990508446,
      -1.121210615420746e-16,
      0.016062652981215585,
      6.786031829353956e-16,
      0.02722469011647749,
      -0.02898714135123595,
      -5.844825694610204e-17,
      -0.002208107522365512,
      -2.8387611413277975e-15
    ]
  ],
  "valence_charges": [
    [
      -6.013449975981245
    ],
    [
      -4.541956628663062
    ],
    [
      -0.5734337117153591
    ],
    [
      -0.5734342554637566
    ],
    [
      -0.5734342554637544
    ],
    [
      -0.8309967299913695
    ],
    [
      -0.8309967299913756
    ],
    [
      -0.8309951863229575
    ]
  ],
  "valence_widths": [
    [
      0.4432778276720231
    ],
    [
      0.4973922580004927
    ],
    [
      0.32470007826203146
    ],
    [
      0.3246997457651376
    ],
    [
      0.32469974576514166
    ],
    [
      0.36706681199209706
    ],
    [
      0.36706681199209645
    ],
    [
      0.36706693904619686
    ]
  ],
  "radial_moments": [
    [
      29.34332827981011
    ],
    [
      30.98819735606797
    ],
    [
      1.1123050554454708
    ],
    [
      1.112304400843418
    ],
    [
      1.1123044008434457
    ],
    [
      2.3302051466790576
    ],
    [
      2.330205146679062
    ],
    [
      2.3302068158136025
    ]
  ]
}