{
  "energy": -96.08512973134644,
  "atoms": [
    "N",
    "C",
    "H",
    "H",
    "H",
    "H",
    "H",
    "H"
  ],
  "charges": [
    [
      -0.6539329151640378
    ],
    [
      -0.11812214407055995
    ],
    [
      0.4326384356091486
    ],
    [
      0.4326379581181822
    ],
    [
      0.43263795811817674
    ],
    [
      0.15803973626333612
    ],
    [
      0.1580397362633421
    ],
    [
      0.15804130294766114
    ]
  ],
  "dipoles": [
    [
      -1.163179673992461e-05,
      -0.13588512096827138,
      4.2204363167673903e-16
    ],
    [
      6.179389803570366e-06,
      0.11216273328520998,
      2.4072043444224116e-15
    ],
    [
      -0.040069002201187726,
      0.007891549165540223,
      4.039187150376691e-16
    ],
    [
      0.020033628624111614,
      0.007892822542094523,
      -0.034700735549131535
    ],
    [
      0.020033628624112922,
      0.00789282254209495,
      0.03470073554913298
    ],
    [
      -0.03356788927747159,
      -0.02703774881936402,
      -0.05814356397952505
    ],
    [
      -0.0335678892774708,
      -0.02703774881936428,
      0.05814356397952613
    ],
    [
      0.06713872456555142,
      -0.02703536173311001,
      -4.4030664308788854e-16
    ]
  ],
  "quadrupoles": [
    [
      -4.6333913433422405,
      1.1176897066464761e-05,
      -4.9983211522951144e-15,
      -4.753973151720425,
      5.998911220546922e-15,
      -4.6333263875907935
    ],
    [
      -4.417192666864374,
      -3.037166015631933e-06,
      -6.788568996417737e-15,
      -4.203305178553898,
      4.138767025070407e-15,
      -4.417115974869032
    ],
    [
      -0.22879620868219638,
      0.0009766842692491787,
      -6.550285339902926e-16,
      -0.22801812617452313,
      1.449754873731073e-16,
      -0.23054249498826485
    ],
    [
      -0.23010468396750638,
      -0.00048745496926777277,
      -0.000755908205517968,
      -0.22801915869284772,
      0.0008454600098377218,
      -0.2292321416863086
    ],
    [
      -0.23010468396751224,
      -0.0004874549692680227,
      0.0007559082055179623,
      -0.22801915869285302,
      -0.0008454600098372662,
      -0.22923214168631442
    ],
    [
      -0.44991127887676824,
      0.0003190963096807444,
      0.006201669866955212,
      -0.4272189984517879,
      0.0005497663476063952,
      -0.4427519059494712
    ],
    [
      -0.44991127887677235,
      0.00031909630968048535,
      -0.0062016698669560685,
      -0.4272189984517891,
      -0.0005497663476072578,
      -0.44275190594947117
    ],
    [
      -0.4391703019026871,
      -0.0006341535810797739,
      7.68391205597923e-18,
      -0.42721706109402097,
      2.2206251162248744e-16,
      -0.45349380246196097
    ]
  ],
  "octupoles": [
    [
      0.13811322478948374,
      -0.20935896839254736,
      2.4604957408295082e-14,
      5.05374125425542e-06,
      -7.488174463589816e-15,
      -0.13822364220843403,
      0.2660501260709988,
      2.0358297100127216e-14,
      -0.20941901102099283,
      5.365320610883509e-14
    ],
    [
      -0.09392966408509265,
      0.2343953868463798,
      -2.0686954275547796e-15,
      -3.015532810529667e-05,
      2.083340430592625e-16,
      0.09401928359428396,
      -0.518319004596489,
      -1.221277981573094e-15,
      0.23445288764120575,
      7.781312262623756e-15
    ],
    [
      -0.03275235781538726,
      -0.002511824977796031,
      1.2924784330599358e-15,
      -0.010791859016297638,
      2.897958182239648e-16,
      -0.013842012919365316,
      0.0016593107039644171,
      6.164633322247649e-16,
      -0.004490036763193071,
      3.4851254485911823e-15
    ],
    [
      0.019664592238763216,
      -0.003993966409811458,
      -0.010088981539845367,
      0.005393848916439553,
      -0.0008561642829295876,
      0.003630355336157985,
      0.0016621892629360142,
      -0.009345365241935836,
      -0.0030053235823694685,
      -0.03026444524977837
    ],
    [
      0.019664592238764926,
      -0.003993966409811602,
      0.01008898153984734,
      0.005393848916440391,
      0.0008561642829296811,
      0.0036303553361583677,
      0.0016621892629376483,
      0.009345365241937648,
      -0.003005323582369268,
      0.030264445249784007
    ],
    [
      -0.04098949618516142,
      -0.0029889815940520354,
      -0.019171007423549272,
      -0.009037314090890102,
      -0.002530485312620739,
      -0.0032697683359937404,
      -0.028947015530266247,
      -0.015659054853552894,
      -0.005911426772442578,
      -0.057504429451939655
    ],
    [
      -0.040989496185159416,
      -0.0029889815940508397,
      0.01917100742355024,
      -0.009037314090887504,
      0.002530485312620849,
      -0.003269768335994801,
      -0.028947015530261383,
      0.015659054853552984,
      -0.005911426772443769,
      0.05750442945194916
    ],
    [
      0.05860353323348359,
      -0.007370989708090616,
      6.787242126837717e-16,
      0.018082928355326502,
      7.419712461647683e-16,
      0.029926863178547158,
      -0.028947404267056047,
      -1.6209764907439487e-15,
      -0.0015236925283866561,
      -1.7708471316858741e-15
    ]
  ],
  "valence_charges": [
    [
      -6.052868778829354
    ],
    [
      -4.4924840997148205
    ],
    [
      -0.5673615742787952
    ],
    [
      -0.567362051769868
    ],
    [
      -0.5673620517698661
    ],
    [
      -0.841960251316512
    ],
    [
      -0.8419602513165181
    ],
    [
      -0.8419586846322507
    ]
  ],
  "valence_widths": [
    [
      0.4447356221393334
    ],
    [
      0.49781844109430406
    ],
    [
      0.3219107048377473
    ],
    [
      0.3219102869644035
    ],
    [
      0.32191028696441004
    ],
    [
      0.36599289073357133
    ],
    [
      0.36599289073357116
    ],
    [
      0.36599300524018924
    ]
  ],
  "radial_moments": [
    [
      29.609510800958567
    ],
    [
      30.54816771461798
    ],
    [
      1.066891060929791
    ],
    [
      1.0668893168255946
    ],
    [
      1.0668893168256437
    ],
    [
      2.3311825125939603
    ],
    [
      2.331182512593966
    ],
    [
      2.3311836437773596
    ]
  ]
}