{
  "energy": -459.8271888440356,
  "atoms": [
    "Cl"
  ],
  "charges": [
    [
      -1.000000000353164
    ]
  ],
  "dipoles": [
    [
      9.393479887742147e-15,
      3.9424020772045786e-14,
      -2.112364396493103e-14
    ]
  ],
  "quadrupoles": [
    [
      -12.997496863801883,
      1.3951438849696487e-13,
      1.7563010369286146e-14,
      -12.997496894739037,
      -3.746964341464917e-14,
      -12.997496906022212
    ]
  ],
  "octupoles": [
    [
      -6.996617036535258e-15,
      7.554647906479813e-14,
      4.3995053725070573e-14,
      5.084326312546998e-13,
      3.855004248946535e-15,
      9.119555474686999e-14,
      1.9793445109652735e-12,
      -2.0531231421863242e-13,
      6.405323500862473e-13,
      -3.0589905762647534e-13
    ]
  ],
  "valence_charges": [
    [
      -9.1206135210726
    ]
  ],
  "valence_widths": [
    [
      0.5894024282593835
    ]
  ],
  "radial_moments": [
    [
      112.57431324573835
    ]
  ]
}