{
  "energy": -459.8271888440356,
  "atoms": [
    "Cl"
  ],
  "charges": [
    [
      -1.0000000003528828
    ]
  ],
  "dipoles": [
    [
      2.333072169495491e-14,
      3.4719557593194074e-14,
      -2.150821143952111e-14
    ]
  ],
  "quadrupoles": [
    [
      -12.811147500305529,
      1.3864706408266618e-13,
      2.3959761790648472e-14,
      -12.811147500304576,
      -2.4371871681122642e-14,
      -12.81114750030521
    ]
  ],
  "octupoles": [
    [
      1.7372965203736315e-14,
      6.473793090552015e-14,
      6.224884519152693e-14,
      5.169130663478711e-13,
      1.0394968891691628e-15,
      9.16983782814472e-14,
      1.958781883751121e-12,
      -2.024820008238467e-13,
      6.027210230494858e-13,
      -2.777613098492761e-13
    ]
  ],
  "valence_charges": [
    [
      -9.149005202176504
    ]
  ],
  "valence_widths": [
    [
      0.585769829504471
    ]
  ],
  "radial_moments": [
    [
      108.92707927122285
    ]
  ]
}