{
  "energy": -56.82911534351024,
  "atoms": [
    "H",
    "N",
    "H",
    "H",
    "H"
  ],
  "charges": [
    [
      0.46261951506196325
    ],
    [
      -0.850480871075515
    ],
    [
      0.4626195150619581
    ],
    [
      0.46261914097687257
    ],
    [
      0.46261914097685963
    ]
  ],
  "dipoles": [
    [
      -0.028465398426342808,
      1.0847652405052821e-15,
      0.020127859793316848
    ],
    [
      -8.589666675527207e-16,
      6.066256859906824e-15,
      5.3625504278632206e-06
    ],
    [
      0.02846539842634026,
      6.225629593592899e-16,
      0.020127859793315717
    ],
    [
      -1.6003699764712702e-15,
      -0.028465596337902722,
      -0.02012815301526766
    ],
    [
      3.6544515805970035e-16,
      0.028465596337906712,
      -0.020128153015269722
    ]
  ],
  "quadrupoles": [
    [
      -0.21446340277834622,
      -2.3291866058938815e-16,
      -0.0004964018374983477,
      -0.2151655166300594,
      -3.207830947244038e-16,
      -0.21481419844485855
    ],
    [
      -4.796214535006879,
      6.409823943009607e-16,
      8.578074136118465e-15,
      -4.796222939794265,
      -1.3236333106098008e-14,
      -4.796243997350525
    ],
    [
      -0.21446340277833792,
      -1.1642501125728046e-16,
      0.0004964018374979783,
      -0.21516551663004657,
      -4.82562462634234e-16,
      -0.2148141984448476
    ],
    [
      -0.21516648386178433,
      4.656314533687134e-16,
      2.1069472965946057e-16,
      -0.2144643237805924,
      0.0004966772536833036,
      -0.21481497812776223
    ],
    [
      -0.21516648386180837,
      -4.8160269219622046e-17,
      1.1853825152477016e-16,
      -0.21446432378061187,
      -0.0004966772536828442,
      -0.21481497812778172
    ]
  ],
  "octupoles": [
    [
      -0.02247640479000956,
      1.118216168754293e-15,
      0.0030815150012450175,
      -0.005639807428288866,
      1.7627029701500506e-16,
      -0.00841868452795957,
      6.7120612542750475e-16,
      0.008823404553215274,
      1.467845170477558e-16,
      0.013927816746142305
    ],
    [
      -3.350805327152669e-15,
      9.517773514225177e-15,
      -0.30387566241151964,
      -1.9731970839921262e-14,
      -1.5499720616686238e-14,
      -1.002621524410123e-15,
      8.744273434191601e-14,
      0.30386784563337127,
      -6.504685272567341e-15,
      2.3030286060276308e-05
    ],
    [
      0.02247640478999947,
      -4.676442323519928e-16,
      0.003081515001244513,
      0.005639807428287172,
      -3.7485908826861243e-16,
      0.00841868452795629,
      5.281173112755055e-16,
      0.008823404553213546,
      -1.1811791139881397e-15,
      0.013927816746138874
    ],
    [
      -1.4684662989811513e-15,
      -0.005640035253751351,
      -0.008823573405851352,
      -1.5634550555348034e-15,
      9.681262194181172e-17,
      -8.306004621656155e-17,
      -0.02247744557928906,
      -0.003081335998568659,
      -0.008418529602947545,
      -0.013928667836004044
    ],
    [
      7.294762868038703e-16,
      0.005640035253755166,
      -0.008823573405854305,
      -2.1738552784382896e-18,
      -2.709285633110219e-16,
      1.261392490515519e-16,
      0.02247744557930024,
      -0.003081335998569503,
      0.008418529602951884,
      -0.013928667836009878
    ]
  ],
  "valence_charges": [
    [
      -0.5373804965350844
    ],
    [
      -6.258992296853885
    ],
    [
      -0.5373804965350988
    ],
    [
      -0.5373808706202956
    ],
    [
      -0.537380870620303
    ]
  ],
  "valence_widths": [
    [
      0.32018496720395795
    ],
    [
      0.44431175731895867
    ],
    [
      0.3201849672039428
    ],
    [
      0.3201854237426672
    ],
    [
      0.3201854237426835
    ]
  ],
  "radial_moments": [
    [
      0.9942425976725419
    ],
    [
      29.957679127372042
    ],
    [
      0.9942425976724476
    ],
    [
      0.9942488251273229
    ],
    [
      0.9942488251274431
    ]
  ]
}