{
  "energy": -56.82911534351024,
  "atoms": [
    "H",
    "N",
    "H",
    "H",
    "H"
  ],
  "charges": [
    [
      0.4681605266924605
    ],
    [
      -0.8726449797768198
    ],
    [
      0.46816052669245467
    ],
    [
      0.4681601882705231
    ],
    [
      0.46816018827051753
    ]
  ],
  "dipoles": [
    [
      -0.03036137049018741,
      2.724895031220626e-16,
      0.021468531233429386
    ],
    [
      7.982506530610736e-15,
      2.0517175373457198e-14,
      5.504744037578465e-06
    ],
    [
      0.03036137049018724,
      2.6010700477043344e-16,
      0.02146853123343045
    ],
    [
      -4.964708433724001e-16,
      -0.030361555241868902,
      -0.021468804845970323
    ],
    [
      5.230078270359466e-16,
      0.030361555241870283,
      -0.021468804845971128
    ]
  ],
  "quadrupoles": [
    [
      -0.20869863769053343,
      -3.521416337419461e-16,
      -0.0007982802666303112,
      -0.20982767636293295,
      -2.487659215635404e-16,
      -0.20926291461897045
    ],
    [
      -4.829478529011833,
      4.15507006811322e-15,
      7.448186195645318e-15,
      -4.829486398952573,
      -1.2837960827760457e-14,
      -4.829507209386416
    ],
    [
      -0.20869863769053915,
      -9.723181769405173e-17,
      0.0007982802666301656,
      -0.20982767636294142,
      -4.4095073665131125e-16,
      -0.20926291461897256
    ],
    [
      -0.20982857031020663,
      3.7192668024334186e-16,
      1.1906815944040248e-16,
      -0.20869950080849822,
      0.0007985364505171765,
      -0.2092636321023083
    ],
    [
      -0.20982857031020397,
      5.2525828183892047e-17,
      1.7490292229839566e-16,
      -0.208699500808498,
      -0.0007985364505166358,
      -0.20926363210231108
    ]
  ],
  "octupoles": [
    [
      -0.02428577394902122,
      7.07512697630401e-16,
      0.00332877415481101,
      -0.006354881124811973,
      1.2069730122780322e-16,
      -0.008965798319313935,
      1.054268035909102e-15,
      0.009349968596386796,
      2.6750836582491947e-16,
      0.015326043054711396
    ],
    [
      4.57163301629239e-14,
      -1.4710779723421905e-14,
      -0.31563934380424874,
      4.722748047599306e-15,
      -1.1365133153219952e-14,
      1.1475137188218891e-14,
      3.0857829782414265e-14,
      0.31563255110678184,
      -2.522295956419262e-14,
      2.3752653023971773e-05
    ],
    [
      0.02428577394902014,
      -4.86515688591441e-16,
      0.0033287741548114935,
      0.006354881124812891,
      -2.0900772951681987e-16,
      0.00896579831931412,
      3.6327080615778037e-16,
      0.009349968596387667,
      -1.1953288659754524e-15,
      0.015326043054712758
    ],
    [
      -6.129760597845887e-16,
      -0.0063551120975351635,
      -0.009350119718513844,
      -1.5710387930810109e-15,
      8.14773140887399e-17,
      -3.1949052346540565e-16,
      -0.02428676258333367,
      -0.0033285998905331136,
      -0.008965652084052962,
      -0.015326834396257993
    ],
    [
      1.9321762733621906e-16,
      0.006355112097535311,
      -0.009350119718513248,
      1.3608847291625775e-16,
      -2.3630199430944975e-16,
      6.524658944100785e-17,
      0.024286762583331588,
      -0.003328599890531966,
      0.00896565208405285,
      -0.015326834396256874
    ]
  ],
  "valence_charges": [
    [
      -0.5318394866907099
    ],
    [
      -6.285275527602999
    ],
    [
      -0.5318394866907182
    ],
    [
      -0.5318398251127658
    ],
    [
      -0.5318398251127875
    ]
  ],
  "valence_widths": [
    [
      0.317920069413256
    ],
    [
      0.4455416740829623
    ],
    [
      0.31792006941325607
    ],
    [
      0.3179205016631824
    ],
    [
      0.31792050166317715
    ]
  ],
  "radial_moments": [
    [
      0.959279272806582
    ],
    [
      30.096537302911447
    ],
    [
      0.9592792728066017
    ],
    [
      0.9592850425805581
    ],
    [
      0.9592850425805527
    ]
  ]
}