{
  "energy": -226.26836468918933,
  "atoms": [
    "C",
    "C",
    "N",
    "C",
    "N",
    "H",
    "H",
    "H",
    "H",
    "H"
  ],
  "charges": [
    [
      -0.008360585228908462
    ],
    [
      -0.008360585228799875
    ],
    [
      -0.36015213078082203
    ],
    [
      0.3080656326550034
    ],
    [
      -0.36015213078091646
    ],
    [
      0.20488791253591193
    ],
    [
      0.2048879125359208
    ],
    [
      0.42236873306837136
    ],
    [
      0.174430388514037
    ],
    [
      0.4223687330683705
    ]
  ],
  "dipoles": [
    [
      4.348761005889364e-15,
      -0.07364889781622083,
      -0.09245918918590136
    ],
    [
      2.253709130173224e-14,
      0.07364889781624036,
      -0.09245918918590347
    ],
    [
      2.655165871934424e-14,
      -0.022430910975551333,
      0.07274047829473854
    ],
    [
      -6.910644180936269e-15,
      7.26909125465636e-15,
      0.09544768666836959
    ],
    [
      -2.2742759091551194e-14,
      0.022430910975551135,
      0.07274047829473661
    ],
    [
      -2.520821864753125e-15,
      -0.043694639903728544,
      0.056269101817235004
    ],
    [
      4.693919708664701e-15,
      0.043694639903730244,
      0.05626910181723523
    ],
    [
      1.7525843078179023e-15,
      0.03999820614006754,
      -0.011311146144775344
    ],
    [
      -1.9912652933025265e-15,
      -7.845337096817755e-16,
      -0.08774899713301955
    ],
    [
      -2.638475398375319e-15,
      -0.039998206140068306,
      -0.011311146144776761
    ]
  ],
  "quadrupoles": [
    [
      -4.153579197079622,
      1.2639887402892366e-14,
      -3.5090171902388506e-15,
      -4.335590644515654,
      0.04160684353406418,
      -4.213616706742093
    ],
    [
      -4.153579197079571,
      3.101944640750201e-16,
      1.0413214839632852e-14,
      -4.3355906445157215,
      -0.04160684353406497,
      -4.213616706742069
    ],
    [
      -4.247875630182873,
      3.163614150611881e-15,
      4.846992239319374e-15,
      -4.381937352791349,
      0.014976010717356764,
      -4.395999501252298
    ],
    [
      -3.583096291564473,
      2.035772308803319e-15,
      2.6978232711746004e-15,
      -3.77916341966972,
      5.178523142934959e-15,
      -3.7970896368456626
    ],
    [
      -4.247875630182987,
      1.712104580500577e-15,
      -3.0797378822114546e-15,
      -4.381937352791328,
      -0.014976010717361394,
      -4.3959995012522235
    ],
    [
      -0.42044476807181697,
      6.674625614034122e-16,
      2.2499647414208374e-16,
      -0.39925780916735043,
      0.001597746821782087,
      -0.3947760498365338
    ],
    [
      -0.42044476807181463,
      6.062093525683542e-16,
      2.458166108940838e-15,
      -0.3992578091673508,
      -0.0015977468217820466,
      -0.3947760498365473
    ],
    [
      -0.25095892154237237,
      6.290114505217305e-16,
      3.2746475750539273e-16,
      -0.23880074174281518,
      0.0018802026848320137,
      -0.2345863964195043
    ],
    [
      -0.4466290360670693,
      -6.131227460518066e-16,
      -1.4083398089433295e-15,
      -0.4219249686905642,
      -2.262238083695442e-16,
      -0.4187889367879736
    ],
    [
      -0.25095892154236876,
      -8.76616458707737e-18,
      -5.563255702252731e-16,
      -0.23880074174281843,
      -0.0018802026848317303,
      -0.23458639641950516
    ]
  ],
  "octupoles": [
    [
      -1.365232643528663e-14,
      -0.13490512058324536,
      -0.20933416428281176,
      -1.8284579917645213e-14,
      1.516788266025266e-14,
      -3.3305636371767465e-14,
      -0.4772260161089895,
      -0.10719735798561596,
      0.17094861406767048,
      0.2866022664956478
    ],
    [
      7.823422428237519e-14,
      0.1349051205832646,
      -0.20933416428281396,
      2.3969045499194096e-14,
      1.342008209303494e-14,
      7.033183805972723e-14,
      0.47722601610902604,
      -0.1071973579856202,
      -0.17094861406764178,
      0.2866022664956274
    ],
    [
      3.944344343191433e-15,
      -0.06062716793242907,
      0.11441286708266374,
      1.6598556446193796e-14,
      8.544883507410642e-16,
      1.767226968909864e-14,
      0.03877887210574293,
      0.21134470456222354,
      0.2019667791928083,
      -0.1384974258448759
    ],
    [
      -7.18383259521794e-14,
      -7.073151984535207e-15,
      0.15763091502824325,
      7.468541548330154e-15,
      2.5228040296686244e-14,
      -1.2702342535168132e-14,
      1.688184480385896e-14,
      -0.22659064575135698,
      1.3928002334314405e-14,
      0.10629391402612932
    ],
    [
      -3.5527255029493045e-14,
      0.06062716793242606,
      0.11441286708265391,
      -3.2339912749699465e-14,
      6.871380903476362e-15,
      -2.2243776171940363e-14,
      -0.03877887210569499,
      0.2113447045622338,
      -0.20196677919281758,
      -0.13849742584490318
    ],
    [
      -3.2253245021000003e-15,
      -0.016086875045579055,
      0.0160250465403404,
      -3.990864335403785e-15,
      -4.092367760581761e-16,
      -1.7221043282316522e-15,
      -0.04102900669514253,
      0.018958632169076336,
      -0.010649898597730809,
      0.05201073292350215
    ],
    [
      1.1309001971062316e-14,
      0.01608687504557839,
      0.016025046540342633,
      4.985890940285981e-15,
      9.81944731618995e-16,
      7.81916314312948e-15,
      0.04102900669513839,
      0.018958632169075167,
      0.01064989859772958,
      0.052010732923505706
    ],
    [
      4.113702476602911e-15,
      0.009531355561514297,
      7.768718819618131e-05,
      1.3977772835243626e-15,
      7.727326913328411e-16,
      1.3486777980645044e-15,
      0.030407606103978732,
      -0.0003616710680263615,
      0.010631502734187566,
      -0.00636908654730749
    ],
    [
      -9.131045657105418e-16,
      1.390665137167631e-15,
      -0.02990000887194093,
      -1.3441293382561248e-16,
      4.279094296227444e-16,
      1.9323599524117818e-15,
      -8.248884276382614e-16,
      -0.031557796536030004,
      1.2278659258367723e-15,
      -0.08515150124252818
    ],
    [
      -2.3544994565811044e-15,
      -0.009531355561514097,
      7.768718819603055e-05,
      -8.627201431931726e-16,
      5.677744975952901e-16,
      -1.0685353797358048e-15,
      -0.030407606103975353,
      -0.0003616710680271347,
      -0.010631502734188914,
      -0.006369086547309872
    ]
  ],
  "valence_charges": [
    [
      -4.369895525029566
    ],
    [
      -4.369895525029589
    ],
    [
      -5.746869105630959
    ],
    [
      -4.050961157224325
    ],
    [
      -5.746869105630866
    ],
    [
      -0.795112084858566
    ],
    [
      -0.7951120848585808
    ],
    [
      -0.5776312749011626
    ],
    [
      -0.8255695994022014
    ],
    [
      -0.5776312749011553
    ]
  ],
  "valence_widths": [
    [
      0.4960416933843228
    ],
    [
      0.4960416933843211
    ],
    [
      0.43814064346053955
    ],
    [
      0.4822902089584998
    ],
    [
      0.4381406434605428
    ],
    [
      0.3612820382247874
    ],
    [
      0.3612820382247864
    ],
    [
      0.3269973724695276
    ],
    [
      0.3651800417518693
    ],
    [
      0.32699737246953
    ]
  ],
  "radial_moments": [
    [
      30.134192707795673
    ],
    [
      30.13419270779542
    ],
    [
      27.495717674841924
    ],
    [
      25.759463000475503
    ],
    [
      27.495717674842197
    ],
    [
      2.1198292236491896
    ],
    [
      2.1198292236491936
    ],
    [
      1.148761043609774
    ],
    [
      2.269942485553939
    ],
    [
      1.1487610436097617
    ]
  ]
}