{
  "energy": -226.26836468918933,
  "atoms": [
    "C",
    "C",
    "N",
    "C",
    "N",
    "H",
    "H",
    "H",
    "H",
    "H"
  ],
  "charges": [
    [
      -0.0014530233738949008
    ],
    [
      -0.001453023373937115
    ],
    [
      -0.42856527835116137
    ],
    [
      0.4117424436075371
    ],
    [
      -0.42856527835111025
    ],
    [
      0.20612981879240086
    ],
    [
      0.20612981879243925
    ],
    [
      0.434710103358654
    ],
    [
      0.16660091379573988
    ],
    [
      0.4347101033586582
    ]
  ],
  "dipoles": [
    [
      -6.894328167659986e-15,
      -0.10023487453823679,
      -0.10252431801922916
    ],
    [
      5.194566421079717e-14,
      0.10023487453827827,
      -0.10252431801922075
    ],
    [
      8.989053585095413e-15,
      -0.011482638225452948,
      0.08859211416347147
    ],
    [
      -4.8018090548439286e-15,
      -2.944021001598918e-15,
      0.09284514385321992
    ],
    [
      1.5719015558842607e-14,
      0.011482638225473126,
      0.08859211416345127
    ],
    [
      -1.846304974099967e-15,
      -0.046491740495370915,
      0.05842983016732547
    ],
    [
      -4.2544059905053614e-16,
      0.0464917404953673,
      0.05842983016731862
    ],
    [
      2.1706986564517504e-15,
      0.04168542926127801,
      -0.011249413277594966
    ],
    [
      -1.9518720436043023e-15,
      -8.900140970709613e-16,
      -0.09534969611364597
    ],
    [
      -6.360327028454417e-16,
      -0.04168542926127169,
      -0.01124941327759415
    ]
  ],
  "quadrupoles": [
    [
      -4.233230554679952,
      1.4630729550498992e-14,
      -4.554539074089925e-15,
      -4.384083011885035,
      0.04190103559866063,
      -4.268009813742749
    ],
    [
      -4.233230554680038,
      7.289883036652234e-15,
      8.338638565568351e-15,
      -4.384083011885219,
      -0.041901035598660374,
      -4.268009813742938
    ],
    [
      -4.358493433797418,
      2.598049345983701e-15,
      -6.878184279345683e-15,
      -4.475056575243586,
      0.021589685422008703,
      -4.498155438446165
    ],
    [
      -3.4479693817740267,
      -2.7624277237062397e-16,
      5.117396581677818e-16,
      -3.6807528677524304,
      3.2353009708601212e-15,
      -3.689668800518971
    ],
    [
      -4.358493433797459,
      -1.3066126595597908e-15,
      -2.918752836233126e-15,
      -4.475056575243688,
      -0.02158968542202333,
      -4.49815543844609
    ],
    [
      -0.41375483954031056,
      9.47369671556921e-16,
      -3.8798817058530354e-18,
      -0.390186226709573,
      0.001733553213315049,
      -0.38523837653700743
    ],
    [
      -0.41375483954028924,
      3.025957167050201e-16,
      2.024032774143624e-15,
      -0.39018622670955355,
      -0.0017335532133147876,
      -0.38523837653699095
    ],
    [
      -0.24003252693093938,
      7.213874487386101e-16,
      3.5199306253043876e-16,
      -0.22668842005254164,
      0.0016494990112843968,
      -0.2226066188443378
    ],
    [
      -0.44398705821911333,
      -1.3092932159398136e-15,
      -1.5885685778718487e-15,
      -0.41924492421611265,
      -6.062751033227967e-16,
      -0.41482692311049785
    ],
    [
      -0.2400325269309183,
      -1.7145869421985706e-16,
      -7.137471411180756e-16,
      -0.2266884200525271,
      -0.0016494990112840087,
      -0.2226066188443186
    ]
  ],
  "octupoles": [
    [
      -1.7067786476267474e-14,
      -0.21426120093408574,
      -0.26883135064546115,
      -1.2188236215434927e-14,
      1.6939859891296622e-14,
      -9.917812794872273e-15,
      -0.5894161162353044,
      -0.12231437844058589,
      0.16994296717368196,
      0.32058450408254047
    ],
    [
      1.2935807024440817e-13,
      0.21426120093411383,
      -0.2688313506454585,
      2.0144523144402724e-14,
      1.5180123253039664e-14,
      5.300026184629034e-14,
      0.5894161162354514,
      -0.12231437844061352,
      -0.16994296717365792,
      0.32058450408255984
    ],
    [
      4.8926227134224074e-14,
      -0.04620298905960729,
      0.13823455703393142,
      1.0334425734357794e-14,
      -1.7348508763920035e-15,
      -5.4307287363846055e-15,
      0.09198601709587598,
      0.23530534868187775,
      0.2406562187705901,
      -0.1399822236003563
    ],
    [
      -5.675030048838021e-14,
      -2.7732551137632686e-15,
      0.1402008794473307,
      -1.7031547628963614e-15,
      1.1906182200353738e-15,
      1.5325895862727928e-14,
      1.9855405108613144e-14,
      -0.2421474250026696,
      1.541743926186601e-14,
      0.08956338295731849
    ],
    [
      -5.1051227435647237e-14,
      0.04620298905961498,
      0.13823455703391352,
      -1.563823584010335e-14,
      5.5043719929586074e-15,
      1.097521613540437e-14,
      -0.0919860170957566,
      0.23530534868191255,
      -0.24065621877058607,
      -0.13998222360039841
    ],
    [
      -2.1832646282445386e-15,
      -0.01896481977289804,
      0.015552382413007953,
      -3.0357871735009565e-15,
      -3.19151058860321e-16,
      -1.4664211590618579e-15,
      -0.04574086975509513,
      0.019557731719916628,
      -0.012190718607078519,
      0.05336283654293929
    ],
    [
      8.430963850469393e-15,
      0.018964819772893403,
      0.015552382413006357,
      2.504712396775416e-15,
      1.0205355113375557e-15,
      8.247819676230487e-15,
      0.04574086975507759,
      0.019557731719910734,
      0.012190718607073934,
      0.05336283654292831
    ],
    [
      3.1710272184402e-15,
      0.011141556950393235,
      0.00023485750692448448,
      6.455627337279248e-16,
      6.829888738178397e-16,
      5.538960363099119e-16,
      0.033012477581288606,
      -0.0003255758975079686,
      0.0115225162276591,
      -0.0060922273767073055
    ],
    [
      8.509561282252407e-17,
      -7.712085089618821e-17,
      -0.03201749525232452,
      5.005849708924369e-16,
      5.128016133449928e-16,
      1.5573532972631468e-15,
      -2.242452776088653e-16,
      -0.03513008319234694,
      -1.2169937790766046e-15,
      -0.09330898385442601
    ],
    [
      -2.7171711319688514e-15,
      -0.011141556950388522,
      0.0002348575069252047,
      -3.823339079451353e-16,
      4.901395196200406e-16,
      -9.072830967955516e-16,
      -0.033012477581273125,
      -0.0003255758975077938,
      -0.011522516227655951,
      -0.006092227376705081
    ]
  ],
  "valence_charges": [
    [
      -4.359206240811782
    ],
    [
      -4.359206240811975
    ],
    [
      -5.818975579104449
    ],
    [
      -3.944493658968223
    ],
    [
      -5.818975579104422
    ],
    [
      -0.7938701783632696
    ],
    [
      -0.7938701783632799
    ],
    [
      -0.5652899055346513
    ],
    [
      -0.8333990725250695
    ],
    [
      -0.5652899055346258
    ]
  ],
  "valence_widths": [
    [
      0.5004211335103779
    ],
    [
      0.5004211335103778
    ],
    [
      0.4409949667311158
    ],
    [
      0.48146698293955825
    ],
    [
      0.44099496673111804
    ],
    [
      0.358155680130402
    ],
    [
      0.3581556801303907
    ],
    [
      0.32285859193889527
    ],
    [
      0.3626462970294604
    ],
    [
      0.3228585919388868
    ]
  ],
  "radial_moments": [
    [
      30.796697428535687
    ],
    [
      30.79669742853743
    ],
    [
      28.231233542756062
    ],
    [
      24.85634622625685
    ],
    [
      28.2312335427565
    ],
    [
      2.0514321136363853
    ],
    [
      2.0514321136362352
    ],
    [
      1.0747797470359615
    ],
    [
      2.2287104361871766
    ],
    [
      1.0747797470358071
    ]
  ]
}