{
  "energy": -188.9725227485733,
  "atoms": [
    "O",
    "O",
    "C",
    "H"
  ],
  "charges": [
    [
      -0.8271449157527392
    ],
    [
      -0.8271449157528473
    ],
    [
      0.8004274955130034
    ],
    [
      -0.14613618797881112
    ]
  ],
  "dipoles": [
    [
      -3.0024763279186964e-16,
      0.022847536595851474,
      -0.056978806312976575
    ],
    [
      1.4208179503534805e-14,
      -0.02284753659587899,
      -0.05697880631298558
    ],
    [
      -7.043540118173375e-15,
      -1.024617846680356e-14,
      -0.08530811881627635
    ],
    [
      8.306685438430582e-16,
      -2.4125198791818124e-15,
      0.06275502466225864
    ]
  ],
  "quadrupoles": [
    [
      -4.969312837907317,
      -1.0403075887420343e-14,
      -2.294215387413615e-15,
      -5.0428203703031125,
      -0.0244041406290947,
      -5.178035818408456
    ],
    [
      -4.969312837907369,
      -3.598007934993038e-15,
      -6.651900896546009e-15,
      -5.042820370303182,
      0.02440414062909533,
      -5.178035818408455
    ],
    [
      -3.385478859045315,
      -9.36210460715282e-16,
      -1.5058940830058074e-14,
      -3.6111335323298204,
      8.120335030930724e-16,
      -3.5799367226552103
    ],
    [
      -0.9041793268347299,
      1.0956955076868303e-14,
      -2.771871727915693e-16,
      -0.8737374315205019,
      1.5156518165232888e-15,
      -0.946854238399177
    ]
  ],
  "octupoles": [
    [
      -5.9453949721871e-14,
      -0.3193618599244537,
      0.06438002714283533,
      -1.1070957399401752e-14,
      1.386670446830989e-14,
      2.6465575514547104e-14,
      -0.43561113460874235,
      -0.26996045781968026,
      -0.20112083852604506,
      0.5289570037288842
    ],
    [
      3.078758723735971e-14,
      0.3193618599244126,
      0.06438002714282547,
      -2.537957387662607e-15,
      -1.2474379220927158e-14,
      2.719045532027372e-14,
      0.4356111346086246,
      -0.2699604578196957,
      0.201120838525969,
      0.5289570037288677
    ],
    [
      -1.9126147590534075e-14,
      -4.897717368233391e-14,
      -0.06965976119174022,
      -2.114537085838789e-14,
      3.7548305281230734e-14,
      6.248104046592911e-14,
      -7.338799243683984e-14,
      -0.04260723924458444,
      -3.7995098500629755e-14,
      -0.012943798820333379
    ],
    [
      -6.2210422939375134e-15,
      -6.606997321037975e-15,
      -0.08572405923727616,
      -3.3861874068995644e-15,
      4.8726447419169434e-14,
      9.11633713075736e-17,
      -1.069865132263932e-14,
      -0.06039674726548586,
      -1.8490967779297878e-15,
      -0.23573457936649814
    ]
  ],
  "valence_charges": [
    [
      -7.155718098216284
    ],
    [
      -7.155718098216296
    ],
    [
      -3.4852052943238605
    ],
    [
      -1.1461361779665824
    ]
  ],
  "valence_widths": [
    [
      0.41762017096433374
    ],
    [
      0.4176201709643389
    ],
    [
      0.4974275322259089
    ],
    [
      0.4396276160847296
    ]
  ],
  "radial_moments": [
    [
      32.90243137906368
    ],
    [
      32.90243137906403
    ],
    [
      27.337217695657646
    ],
    [
      6.412855737444801
    ]
  ]
}