{
  "energy": -188.9725227485733,
  "atoms": [
    "O",
    "O",
    "C",
    "H"
  ],
  "charges": [
    [
      -0.910143362585187
    ],
    [
      -0.9101433625852267
    ],
    [
      0.9765995730330795
    ],
    [
      -0.15631152035639848
    ]
  ],
  "dipoles": [
    [
      -1.9225709203843398e-16,
      0.05512303430972297,
      -0.0820464345111389
    ],
    [
      -6.405976075469313e-15,
      -0.05512303430974592,
      -0.08204643451114499
    ],
    [
      4.275721116943045e-15,
      -2.215662135408231e-15,
      -0.09038141353311792
    ],
    [
      3.849821824907993e-15,
      -1.6852471752901729e-15,
      0.07821504776596803
    ]
  ],
  "quadrupoles": [
    [
      -5.013558210434415,
      -7.432989842418103e-15,
      -7.574190304370731e-16,
      -5.01440847746484,
      -0.010224631891696553,
      -5.142345526692294
    ],
    [
      -5.0135582104344225,
      -3.11050568333268e-15,
      -7.340716965865997e-15,
      -5.014408477464973,
      0.01022463189169773,
      -5.142345526692343
    ],
    [
      -3.043283641137867,
      -8.38443459680303e-16,
      -1.21112020413085e-14,
      -3.2819044811937257,
      -5.679320769265243e-15,
      -3.224383544762162
    ],
    [
      -0.8728231119855504,
      7.777155617223077e-15,
      5.88936850126598e-17,
      -0.8273861367330392,
      1.0685112414755218e-15,
      -0.8969537094585597
    ]
  ],
  "octupoles": [
    [
      -9.968185658106408e-14,
      -0.24494268218667892,
      0.004685436877602852,
      1.0719521651351863e-15,
      1.3603749538833998e-14,
      3.174311560764248e-14,
      -0.18916377714848132,
      -0.28471401825167053,
      -0.11786051813132092,
      0.2943331683178667
    ],
    [
      3.6990221697599455e-14,
      0.24494268218663298,
      0.004685436877581631,
      -5.723440833695753e-16,
      -1.0882066498616826e-14,
      2.2046215907883703e-14,
      0.18916377714833546,
      -0.2847140182516923,
      0.1178605181312489,
      0.2943331683178407
    ],
    [
      5.81868893290923e-16,
      -4.013434415813483e-14,
      -0.0935389027481836,
      -4.10632272758528e-15,
      3.1180975844016716e-14,
      4.819682500822986e-14,
      -6.414531905194898e-14,
      0.010386193558225218,
      -2.1422883123864677e-14,
      -0.17692317667169336
    ],
    [
      -3.5450203123098795e-15,
      -7.504935675629554e-15,
      -0.060107687675418436,
      -7.669085717723942e-16,
      3.9709479217208535e-14,
      3.1160633173723325e-15,
      -1.4289718890179245e-14,
      -0.02347342685437843,
      9.409621284010145e-16,
      -0.150546841189665
    ]
  ],
  "valence_charges": [
    [
      -7.2561643519802095
    ],
    [
      -7.25616435198013
    ],
    [
      -3.3173564998841574
    ],
    [
      -1.156311510466277
    ]
  ],
  "valence_widths": [
    [
      0.416235782045973
    ],
    [
      0.41623578204598005
    ],
    [
      0.486509607715568
    ],
    [
      0.4296249898417691
    ]
  ],
  "radial_moments": [
    [
      32.14808230711244
    ],
    [
      32.14808230711355
    ],
    [
      23.544496698187235
    ],
    [
      5.8459486198641235
    ]
  ]
}