{
  "energy": -225.89253784498558,
  "atoms": [
    "C",
    "H",
    "C",
    "H",
    "N",
    "C",
    "H",
    "N",
    "H"
  ],
  "charges": [
    [
      -0.1289019078436449
    ],
    [
      0.1572859457561032
    ],
    [
      0.013243124115706504
    ],
    [
      0.1320364550925435
    ],
    [
      -0.49592857553415587
    ],
    [
      0.2817725545104862
    ],
    [
      0.09810087825824236
    ],
    [
      -0.4241893404717641
    ],
    [
      0.36657205401356346
    ]
  ],
  "dipoles": [
    [
      -0.07654737067185836,
      0.10701305067751636,
      -5.509579890130091e-15
    ],
    [
      0.05915835489249216,
      0.01825902656813857,
      9.499484191980693e-16
    ],
    [
      -0.13695053979798177,
      -0.043807309312110264,
      -1.0164905783926139e-16
    ],
    [
      0.025051316516668806,
      -0.05873080820306282,
      -6.108698434508778e-16
    ],
    [
      0.12286615768069568,
      0.04266983831626176,
      2.5342012823264417e-15
    ],
    [
      0.08547294678634676,
      -0.03237725630067177,
      6.119278331273457e-15
    ],
    [
      -0.07743213147727429,
      0.014673416651598412,
      3.8322879441613356e-16
    ],
    [
      0.055907240850051367,
      -0.06845516600493291,
      6.9202276660223744e-15
    ],
    [
      0.0008230992139666718,
      0.038659204539268736,
      9.04761689764036e-16
    ]
  ],
  "quadrupoles": [
    [
      -4.647262286501253,
      -0.05331685119477713,
      -5.359007120670324e-16,
      -4.730811580767562,
      -3.3575037314161575e-15,
      -4.636844076313267
    ],
    [
      -0.45518239960576673,
      -0.007594275999291644,
      -8.760798236717648e-16,
      -0.45137648057305124,
      -1.833558413855598e-15,
      -0.48182949320974383
    ],
    [
      -4.392785335795894,
      -0.003930916295408249,
      -3.156640359792302e-15,
      -4.418931816178373,
      1.2509687120872985e-15,
      -4.315563811674454
    ],
    [
      -0.46762940294611566,
      0.00772309171061283,
      -5.265126011375855e-17,
      -0.4779566940037573,
      -7.975191913696947e-16,
      -0.5019975709501464
    ],
    [
      -4.9367769490791735,
      -0.12981511570333132,
      -2.51922301098484e-15,
      -4.989650199561049,
      -2.874476651885452e-15,
      -4.6679799314569825
    ],
    [
      -3.940595913282765,
      0.03068178179324275,
      5.516457271743573e-15,
      -4.009855445056707,
      -3.259489149561301e-15,
      -3.8424335241478977
    ],
    [
      -0.5061151356925317,
      0.006629217164696134,
      1.2547637752176142e-15,
      -0.5002338667435856,
      2.816785129274209e-16,
      -0.5387335936826085
    ],
    [
      -4.5852926539001535,
      0.011248307010252513,
      4.059895466132949e-15,
      -4.5898309924320015,
      2.0701274892492928e-15,
      -4.525478938391275
    ],
    [
      -0.2795226684195651,
      -0.0004255154104075852,
      -1.85267123672843e-16,
      -0.29164849472663074,
      8.643441902553898e-16,
      -0.3070508426038119
    ]
  ],
  "octupoles": [
    [
      -0.07847984780127276,
      -0.24040225357806327,
      -1.3624348566585533e-14,
      0.15653567315036235,
      -1.0633906330327617e-14,
      -0.3365521805900191,
      0.4061730768992712,
      -1.297750719968249e-14,
      0.17272778906613862,
      4.079705977835406e-14
    ],
    [
      0.04055141252487453,
      0.002661098138406375,
      -1.6270314431085122e-15,
      0.0171794664564532,
      -4.3537379162997785e-15,
      0.01069972430206041,
      0.007897538842275169,
      -4.518308306050176e-16,
      0.006851095387129857,
      -2.8467705461761973e-15
    ],
    [
      0.196179732205924,
      0.015841199158106178,
      -1.9697833041188264e-14,
      -0.30770589311857555,
      1.4590196622338102e-14,
      -0.38518236971863257,
      -0.18587674017098896,
      -2.1397077469283348e-14,
      0.03520409272985838,
      -3.8175982213325854e-14
    ],
    [
      0.00644677509421671,
      -0.010824145159344207,
      9.247352639187077e-16,
      -0.001615996431675252,
      -3.026248538714449e-16,
      -0.007457428851131453,
      -0.04855837867755704,
      2.0839427254506115e-15,
      -0.01669396308676741,
      3.124479611984397e-15
    ],
    [
      0.0027973177734108372,
      0.2269055028632878,
      -7.536253168706332e-15,
      0.48432068637195075,
      1.255733637660453e-15,
      0.2869645752234123,
      0.09953168402793665,
      -4.652703199485996e-16,
      0.1477671084088514,
      -1.759308557199568e-14
    ],
    [
      0.1017327212543082,
      -0.19305035896893025,
      -2.3421388917339587e-14,
      -0.049464364209151214,
      -3.654800079641414e-15,
      0.27826207892747595,
      0.14440298299375354,
      6.904387445186084e-15,
      -0.10970546426383004,
      -3.6141637190120546e-14
    ],
    [
      -0.062534479774168,
      -0.004731668005465058,
      -3.918793842795243e-15,
      -0.02136553553173669,
      -2.181199068316485e-15,
      -0.019412579375606285,
      -0.0019615996673904065,
      -1.5639231925587597e-15,
      -0.004278000886306839,
      -2.2902113157783666e-15
    ],
    [
      0.13463501885761658,
      0.258045390965263,
      -6.245030454704988e-15,
      0.02102487540329099,
      -1.3768037701679729e-15,
      0.08692885670754907,
      -0.2475203086067153,
      1.0800991740980851e-14,
      -0.25728573324790666,
      -1.726395766292363e-14
    ],
    [
      0.003463872518048332,
      0.008027031461059536,
      3.791456894348333e-16,
      0.0013984512338873353,
      -5.331788448030273e-16,
      0.0028025139135424105,
      0.019101377611293498,
      2.0640914773685566e-15,
      0.0031404239791281833,
      1.9786417918677534e-15
    ]
  ],
  "valence_charges": [
    [
      -4.4678726508202375
    ],
    [
      -0.8427140456841746
    ],
    [
      -4.329876256313957
    ],
    [
      -0.8679635504051976
    ],
    [
      -5.847716369870761
    ],
    [
      -4.057743127200132
    ],
    [
      -0.9018991131648177
    ],
    [
      -5.7949576541053505
    ],
    [
      -0.633427955109552
    ]
  ],
  "valence_widths": [
    [
      0.5131195117894303
    ],
    [
      0.37346096966487974
    ],
    [
      0.5044151412008366
    ],
    [
      0.3756701844236496
    ],
    [
      0.4574453335800636
    ],
    [
      0.49329895409954755
    ],
    [
      0.3805948992476433
    ],
    [
      0.4461154303811413
    ],
    [
      0.342020876981043
    ]
  ],
  "radial_moments": [
    [
      35.11741130817952
    ],
    [
      2.5492699674866133
    ],
    [
      32.318802518917806
    ],
    [
      2.676696649100501
    ],
    [
      32.908337396662205
    ],
    [
      28.426617744551166
    ],
    [
      2.9014605539663765
    ],
    [
      29.867955936546213
    ],
    [
      1.4852326616115858
    ]
  ]
}