{
  "energy": -225.89253784498558,
  "atoms": [
    "C",
    "H",
    "C",
    "H",
    "N",
    "C",
    "H",
    "N",
    "H"
  ],
  "charges": [
    [
      -0.12510495368322852
    ],
    [
      0.16176123364741404
    ],
    [
      0.016569851465614443
    ],
    [
      0.1364411938110979
    ],
    [
      -0.5374323626349409
    ],
    [
      0.35034877650233304
    ],
    [
      0.09493214004863998
    ],
    [
      -0.4784118971873121
    ],
    [
      0.3808863814293088
    ]
  ],
  "dipoles": [
    [
      -0.076173873079459,
      0.1340074355915992,
      -3.0951645045324342e-15
    ],
    [
      0.062128289654084914,
      0.021000526426578636,
      -9.353781221028138e-16
    ],
    [
      -0.14982547434106025,
      -0.06409721566363888,
      4.50453158327502e-15
    ],
    [
      0.026765062721969598,
      -0.06200235193011206,
      3.2570425240907537e-16
    ],
    [
      0.12700377063375923,
      0.017857535676506043,
      -7.15948225937296e-15
    ],
    [
      0.0828047839548664,
      -0.022985607636694088,
      -9.451874883775009e-15
    ],
    [
      -0.08300545661202702,
      0.017590990467646457,
      -9.087259978374848e-16
    ],
    [
      0.06683448215254228,
      -0.06444572605030194,
      4.4078737892310575e-15
    ],
    [
      0.001588100388844544,
      0.041125198678909076,
      1.0332870018715199e-15
    ]
  ],
  "quadrupoles": [
    [
      -4.714319230262719,
      -0.04860686912078554,
      -4.417614061719616e-15,
      -4.783460122375893,
      -6.012212827345801e-15,
      -4.730701911759614
    ],
    [
      -0.43903377146575295,
      -0.00707932903731429,
      -1.1598209668859079e-15,
      -0.435100622955017,
      -1.6346702761649217e-15,
      -0.4691987327868457
    ],
    [
      -4.463627270901306,
      0.0011471480495290902,
      -1.0583539817703439e-15,
      -4.473536193746358,
      1.682947825082803e-15,
      -4.403965370894357
    ],
    [
      -0.45085182586809164,
      0.007023011864303634,
      -1.662483269565542e-16,
      -0.46175492110539623,
      -9.035194463837974e-16,
      -0.4881571065883746
    ],
    [
      -4.977922748650012,
      -0.12018152249903287,
      2.195997781019698e-15,
      -5.014047328682165,
      -3.901675274707077e-15,
      -4.7393200367041155
    ],
    [
      -3.885581725228754,
      0.03164748238920942,
      4.7538981727758845e-15,
      -3.95607174712154,
      -8.805657934392122e-15,
      -3.7771332838500866
    ],
    [
      -0.49463324999412583,
      0.005940608979005853,
      9.215255473988446e-16,
      -0.48893331079611724,
      -1.284381085584506e-17,
      -0.5293760509562557
    ],
    [
      -4.652852924786184,
      0.018366083853763433,
      1.0109126257236562e-15,
      -4.661301229691828,
      1.994342247819283e-15,
      -4.6049463795326115
    ],
    [
      -0.2624788595820093,
      -0.00018399255100264955,
      -3.237786128319639e-16,
      -0.27318942106238375,
      7.375851363910099e-16,
      -0.2905218576208987
    ]
  ],
  "octupoles": [
    [
      -0.04948482836805526,
      -0.23835867005837982,
      -3.89761952183026e-15,
      0.19619314692625725,
      -1.8931350431502915e-14,
      -0.390735710658635,
      0.5431831262012535,
      -2.8271580785225066e-14,
      0.281129544354762,
      4.8558126409216016e-14
    ],
    [
      0.04574467619723565,
      0.005182899093802956,
      -2.435677214546301e-15,
      0.01903496424758235,
      -3.793651758825924e-15,
      0.011627397546460513,
      0.015761479165551383,
      -5.784517696000499e-18,
      0.01115561933117447,
      -4.542999418351206e-15
    ],
    [
      0.21302134292621583,
      -0.02551228679580737,
      -8.368719359516936e-15,
      -0.35647543762978123,
      7.536888072255012e-16,
      -0.46409252928267386,
      -0.2847058083265697,
      -2.7405892796443775e-14,
      -0.0179928607735274,
      -2.5307237934757316e-14
    ],
    [
      0.00893816610680144,
      -0.013826961927012275,
      6.241967949712584e-16,
      -0.0006559004549310628,
      -3.626990052792873e-16,
      -0.007913033029048952,
      -0.055498408680314894,
      1.808792040102047e-15,
      -0.01998890596661809,
      4.350532479187741e-15
    ],
    [
      -0.10367857125820348,
      0.16343130837628292,
      -1.7003680562037432e-14,
      0.4612717415538058,
      -2.0565268814887258e-15,
      0.2894443331634832,
      -0.08313807594477943,
      -1.0302882893955482e-14,
      0.07741369940607033,
      9.821124044292848e-15
    ],
    [
      0.0665016530415133,
      -0.2028561607066997,
      -2.248387455296168e-14,
      -0.08547636361918515,
      -7.84598599871602e-15,
      0.2749568578401429,
      0.16842594268093655,
      -1.2115829206219136e-14,
      -0.07028804918279347,
      -2.6533963526195702e-14
    ],
    [
      -0.07060817957220909,
      -0.0029266932669283667,
      -3.0072696614436542e-15,
      -0.025395855929558283,
      -1.9099556139715537e-15,
      -0.021264275229010046,
      0.003624674188707303,
      -4.166730729316997e-16,
      -0.0010011242894945977,
      -4.090674527332606e-15
    ],
    [
      0.16365632321514503,
      0.30968635246940146,
      -1.411759496432962e-14,
      0.03372500278586902,
      -2.213626522401777e-15,
      0.10367227195034436,
      -0.19463463976975248,
      1.278564452894752e-15,
      -0.24280319178129547,
      -7.0713135085239784e-15
    ],
    [
      0.005134304250152956,
      0.010130024409532541,
      -1.8372156459448272e-16,
      0.0020290786119700993,
      -4.841611330476984e-16,
      0.0035271369470909852,
      0.025396082668618012,
      1.267413608092575e-15,
      0.006418763152103464,
      2.6940717621724607e-15
    ]
  ],
  "valence_charges": [
    [
      -4.461023842685528
    ],
    [
      -0.8382387567828707
    ],
    [
      -4.323028627233417
    ],
    [
      -0.8635588125852364
    ],
    [
      -5.89597950398678
    ],
    [
      -3.98662717753789
    ],
    [
      -0.9050678505620696
    ],
    [
      -5.854534152151021
    ],
    [
      -0.619113628301739
    ]
  ],
  "valence_widths": [
    [
      0.5176699468668512
    ],
    [
      0.3688612771260728
    ],
    [
      0.5091563792001503
    ],
    [
      0.37102574800268406
    ],
    [
      0.45856500855072957
    ],
    [
      0.4943647970006705
    ],
    [
      0.37655594917556207
    ],
    [
      0.4479921521072115
    ],
    [
      0.3362307380709371
    ]
  ],
  "radial_moments": [
    [
      35.911249791228684
    ],
    [
      2.4252403873684663
    ],
    [
      33.100166376253355
    ],
    [
      2.5463103643989493
    ],
    [
      33.06575293334543
    ],
    [
      27.95963838850056
    ],
    [
      2.7965130118810917
    ],
    [
      30.329545678991625
    ],
    [
      1.3633556856452629
    ]
  ]
}