{
  "atom_names": [
    "C",
    "C",
    "O",
    "O",
    "H",
    "H",
    "H"
  ],
  "energy": -228.23347723047772,
  "charges": [
    [
      -0.7337751803183162
    ],
    [
      1.0124692465025724
    ],
    [
      -0.8611022677009511
    ],
    [
      -0.8661396174960139
    ],
    [
      0.14965661343993492
    ],
    [
      0.14941998354097524
    ],
    [
      0.1494711519011167
    ]
  ],
  "dipoles": [
    [
      0.011009858023010424,
      0.000533845051900868,
      0.019112411000016406
    ],
    [
      0.0007894529461187284,
      -5.734640753920355e-05,
      0.05231611017496024
    ],
    [
      0.060396851692755466,
      -0.0003028710931259985,
      0.02766672792855938
    ],
    [
      -0.06200790625684749,
      -0.0003575124068949175,
      0.022568727185672613
    ],
    [
      0.03870242207274148,
      0.0005927097026519235,
      0.005159305999143749
    ],
    [
      -0.02047910961132747,
      -0.032151451028134305,
      0.0026835011957147686
    ],
    [
      -0.02167838301574277,
      0.031402848439622814,
      0.0027766999629621814
    ]
  ],
  "quadrupoles": [
    [
      -5.978189049661657,
      -2.8651158543454814e-05,
      0.003138524403154347,
      -5.861855904798906,
      9.169407782518864e-06,
      -6.140503400643538
    ],
    [
      -2.996037385192897,
      -9.191074093820649e-05,
      -0.002971534907017443,
      -2.810096689466231,
      -0.00016069891338150815,
      -3.0294012219290294
    ],
    [
      -5.087220253278718,
      -6.167423296987319e-05,
      0.02229025566380102,
      -5.031540061903176,
      0.0005197138299389207,
      -5.1807545883304575
    ],
    [
      -5.093503028716134,
      4.540307394177081e-05,
      -0.01539486433096772,
      -5.051908594201406,
      0.0004991473148119369,
      -5.181749569046174
    ],
    [
      -0.5057174432855016,
      -0.0002699191271131538,
      0.011094705086129121,
      -0.4867481034917843,
      0.00014197213965365412,
      -0.49513035115416437
    ],
    [
      -0.4957097479546459,
      -0.0074111378784074726,
      -0.0067122844248842205,
      -0.5018494682666682,
      -0.009583976819800515,
      -0.4986599511325757
    ],
    [
      -0.4961084218658711,
      0.0076586345286669966,
      -0.007072258056999006,
      -0.5011228067765198,
      0.00927309755753114,
      -0.4984515787973279
    ]
  ],
  "octupoles": [
    [
      -0.11783072210295926,
      -0.012394225614071067,
      0.32865483589959094,
      0.366416641288475,
      -0.00015509807503111234,
      0.010757477552316088,
      0.026981927524105224,
      0.4015279457327826,
      0.000497946192978249,
      -0.01693850089461905
    ],
    [
      -0.002130244102974106,
      -0.0008381994870884881,
      -0.13228124899358068,
      0.023666925156946468,
      2.0113964529400185e-05,
      0.006266415246348733,
      0.0011752970818595036,
      -0.152350731877665,
      0.00018635374078971554,
      -0.07188175295406102
    ],
    [
      -0.28341515908324716,
      -0.0004727186718716556,
      0.17167953837710198,
      -0.2251550978497532,
      6.543178236161397e-05,
      -0.04940204199311682,
      -0.0011290599271996376,
      -0.2158341290996597,
      -0.0002538451994506843,
      -0.8073561003170981
    ],
    [
      0.27367652093744166,
      -0.0006814789249186331,
      0.17147949623473782,
      0.2289427404831619,
      0.00018880028473921187,
      0.06637465249164078,
      -0.0005312456297025686,
      -0.2079491402156936,
      -0.00018605909789579661,
      -0.821601480458521
    ],
    [
      -0.01278225428161656,
      -0.0001883885151398527,
      0.010675961903576992,
      0.0033703864477127323,
      -0.00015216012758683404,
      -0.006928561734951019,
      0.000499046628017701,
      0.02530418978090619,
      -5.6854560486801544e-05,
      0.03696287258895284
    ],
    [
      0.004105496349483305,
      -0.001243408180643394,
      0.020235495107661355,
      0.006235083944891966,
      -0.005628959989414072,
      0.002880412341940915,
      -0.004809134670806237,
      0.02040117401086777,
      0.0005810883865088151,
      0.03215876616488024
    ],
    [
      0.004376388488272557,
      0.000906622439330085,
      0.019684753362514375,
      0.006344983194123706,
      0.005750873456049113,
      0.003056995509627302,
      0.005433300946266829,
      0.02067219788481107,
      -0.0006707585704033997,
      0.03223684986410776
    ]
  ],
  "valence_widths": [
    [
      0.5438473811045861
    ],
    [
      0.4706187345348834
    ],
    [
      0.41862350505250334
    ],
    [
      0.41882152981699594
    ],
    [
      0.3827254293609312
    ],
    [
      0.3840563629792258
    ],
    [
      0.3839839723857163
    ]
  ],
  "radial_moments": [
    [
      49.15744939052226
    ],
    [
      20.675076912346128
    ],
    [
      33.01045646775534
    ],
    [
      33.10408229063073
    ],
    [
      2.855508526020246
    ],
    [
      2.872720007650043
    ],
    [
      2.8716250990185
    ]
  ],
  "core_charges": [
    4.34,
    4.34,
    6.33,
    6.33,
    1,
    1,
    1
  ],
  "shell_charges": [
    -5.073775180318316,
    -3.3275307534974274,
    -7.191102267700951,
    -7.196139617496014,
    -0.8503433865600651,
    -0.8505800164590247,
    -0.8505288480988833
  ],
  "sigma_inv_nm": [
    34.74737478621684,
    40.15409373028867,
    45.14144224981699,
    45.12009873513597,
    49.37552440478781,
    49.20441528725755,
    49.21369155158651
  ]
}