{
  "atom_names": [
    "H",
    "N",
    "H",
    "H",
    "H"
  ],
  "energy": -56.82943446155193,
  "charges": [
    [
      0.4647443198655459
    ],
    [
      -0.8589924029439135
    ],
    [
      0.4647577557144354
    ],
    [
      0.46474516040876057
    ],
    [
      0.4647451604087681
    ]
  ],
  "dipoles": [
    [
      2.2699775326614774e-06,
      0.035064217093455634,
      -2.6176215778196274e-16
    ],
    [
      -3.692733629775541e-05,
      4.319262683414911e-06,
      -1.2804744695331711e-14
    ],
    [
      -0.0330585815267235,
      -0.011687868394198464,
      2.082727885002691e-16
    ],
    [
      0.016532678201109714,
      -0.011688198467127311,
      -0.028633032409200596
    ],
    [
      0.01653267820111026,
      -0.01168819846712603,
      0.028633032409199975
    ]
  ],
  "quadrupoles": [
    [
      -0.21636926939868067,
      7.773815490704791e-07,
      -5.153877982244979e-16,
      -0.21553965787596197,
      9.663078692597963e-17,
      -0.2163709274690067
    ],
    [
      -4.837878337117686,
      -6.204479953610329e-07,
      -2.6887102672100173e-15,
      -4.837845041221601,
      -1.4658498164207483e-15,
      -4.837877996038075
    ],
    [
      -0.2156264946266769,
      0.00026102670529117846,
      2.6648539353025447e-16,
      -0.21627172537858358,
      6.800986840580204e-16,
      -0.21636484268150985
    ],
    [
      -0.21620846791829326,
      -0.00013022625182771073,
      -0.0003204258362614022,
      -0.21630179660465718,
      0.0002264005654445256,
      -0.21584016259022626
    ],
    [
      -0.21620846791828816,
      -0.00013022625182780557,
      0.00032042583626121245,
      -0.2163017966046475,
      -0.00022640056544425427,
      -0.21584016259021735
    ]
  ],
  "octupoles": [
    [
      0.0039881929532869205,
      0.009706682309435114,
      -2.6931635858709496e-17,
      2.236003700783316e-07,
      -3.9874026147005227e-17,
      -0.0039872929453203644,
      0.02569522322558797,
      4.656240628471224e-16,
      0.009707170341155391,
      -7.449001600386759e-16
    ],
    [
      0.25549202345719174,
      0.18080272945664788,
      -1.083440222646494e-14,
      -6.352987883336804e-05,
      -9.596507387901971e-15,
      -0.2557090164454322,
      -0.3614870715259147,
      -1.964482880515383e-14,
      0.18078710138097576,
      -6.164523054930307e-14
    ],
    [
      -0.02443653763382009,
      -0.002638503472537909,
      -4.772249496378935e-16,
      -0.007611349000076332,
      -1.5974404225854986e-16,
      -0.010480342407184057,
      -0.01292000215225292,
      -7.417049078996004e-16,
      0.0005237337473616322,
      -6.651502215695007e-16
    ],
    [
      0.014847130943133556,
      -0.00026668974553840187,
      -0.0075612638316696484,
      0.00380632721170347,
      0.0013700239160543894,
      0.002614612494848485,
      -0.012921775685523352,
      -0.006592774217256205,
      -0.0018483529277261391,
      -0.022683957249343932
    ],
    [
      0.014847130943131117,
      -0.00026668974553764775,
      0.00756126383166734,
      0.003806327211703231,
      -0.0013700239160540227,
      0.0026146124948474387,
      -0.012921775685518362,
      0.006592774217253977,
      -0.001848352927725073,
      0.022683957249337017
    ]
  ],
  "valence_widths": [
    [
      0.3217934922757485
    ],
    [
      0.44602571828720616
    ],
    [
      0.32179355823743944
    ],
    [
      0.32181125401358196
    ],
    [
      0.32181125401357125
    ]
  ],
  "radial_moments": [
    [
      1.0050146922026786
    ],
    [
      30.340506657525506
    ],
    [
      1.0049870577615039
    ],
    [
      1.0051793212456046
    ],
    [
      1.0051793212455302
    ]
  ],
  "core_charges": [
    1,
    5.33,
    1,
    1,
    1
  ],
  "shell_charges": [
    -0.5352556801344541,
    -6.188992402943914,
    -0.5352422442855647,
    -0.5352548395912394,
    -0.5352548395912319
  ],
  "sigma_inv_nm": [
    58.72483201602558,
    42.36811466906302,
    58.72481997852786,
    58.72159081467672,
    58.72159081467867
  ]
}