{
  "atom_names": [
    "Br"
  ],
  "energy": -2572.8249116975453,
  "charges": [
    [
      -0.9999999996906128
    ]
  ],
  "dipoles": [
    [
      2.4734446261998055e-14,
      -1.6255524487238104e-14,
      9.130337545043554e-15
    ]
  ],
  "quadrupoles": [
    [
      -17.99287165344696,
      1.6019279374952355e-14,
      -1.2465867741003316e-14,
      -17.992871694322492,
      4.860181877720977e-16,
      -17.992871673121893
    ]
  ],
  "octupoles": [
    [
      5.818522349636216e-13,
      1.1074696811643799e-14,
      1.8699938070978094e-13,
      2.9185600864118593e-13,
      -1.8426111278772163e-15,
      5.091160901007131e-13,
      -3.1889074184129113e-13,
      1.351479867739793e-13,
      -3.593657788287532e-13,
      6.163741645931035e-13
    ]
  ],
  "valence_widths": [
    [
      0.6374988545745607
    ]
  ],
  "radial_moments": [
    [
      156.25428377022374
    ]
  ],
  "core_charges": [
    7.38
  ],
  "shell_charges": [
    -8.379999999690613
  ],
  "sigma_inv_nm": [
    29.64282781394921
  ]
}