{
  "atom_names": [
    "Cl"
  ],
  "energy": -459.82718884392625,
  "charges": [
    [
      -0.9999999999784936
    ]
  ],
  "dipoles": [
    [
      7.18296475359266e-15,
      -4.471730874044261e-15,
      -4.3706256333281984e-15
    ]
  ],
  "quadrupoles": [
    [
      -12.997496894126416,
      5.1066179133868955e-14,
      3.9644099294097035e-14,
      -12.997496974176922,
      4.666236500266188e-14,
      -12.997496911239734
    ]
  ],
  "octupoles": [
    [
      -1.2651745969885575e-13,
      -8.60907132822896e-14,
      -9.282729844397974e-14,
      2.51512346917138e-13,
      -1.6245035331332705e-13,
      2.321328073772609e-13,
      3.9242898318709967e-13,
      -4.693327475137119e-14,
      2.7395452535836656e-13,
      -1.6435050640024869e-13
    ]
  ],
  "valence_widths": [
    [
      0.5894024290144414
    ]
  ],
  "radial_moments": [
    [
      112.57431402613084
    ]
  ],
  "core_charges": [
    7.38
  ],
  "shell_charges": [
    -8.379999999978494
  ],
  "sigma_inv_nm": [
    32.061742279111876
  ]
}