{
  "atom_names": [
    "N",
    "C",
    "H",
    "H",
    "H",
    "H",
    "H",
    "C",
    "H",
    "H",
    "H"
  ],
  "energy": -135.34796000748193,
  "charges": [
    [
      -0.6560707964653215
    ],
    [
      0.023502419191851153
    ],
    [
      0.4275768687212749
    ],
    [
      0.4274328521439324
    ],
    [
      0.42743003503111165
    ],
    [
      0.14471339489252716
    ],
    [
      0.14468876464884156
    ],
    [
      -0.4595617386295186
    ],
    [
      0.16065419779036366
    ],
    [
      0.19900373568641927
    ],
    [
      0.16062991790760603
    ]
  ],
  "dipoles": [
    [
      0.12829179672056903,
      0.002972246764343171,
      0.015700886575223724
    ],
    [
      -0.08333278935720154,
      0.050397707774720676,
      0.031088788326551355
    ],
    [
      -0.0054314200771947855,
      -0.029235529862703415,
      -0.02367344600699519
    ],
    [
      -0.0036996208347606606,
      0.03429564422955015,
      -0.013984170428803688
    ],
    [
      -0.008893698048642755,
      -0.005050691502134598,
      0.03579146309181722
    ],
    [
      0.03326574354879657,
      0.016427187370873876,
      -0.05853127099412042
    ],
    [
      0.023698210844372104,
      -0.05604930360305966,
      0.03318175129725193
    ],
    [
      0.007758446126084385,
      -0.01639679045566039,
      -0.01217378886825444
    ],
    [
      -0.0036129356338668525,
      0.05015659441393935,
      -0.01644690870119153
    ],
    [
      0.05263718129538598,
      -0.0012742689672195055,
      0.004499467439363928
    ],
    [
      -0.010728253129243364,
      -0.0036722990272046348,
      0.051684589179829765
    ]
  ],
  "quadrupoles": [
    [
      -4.80426946139868,
      0.015850148418409187,
      0.0015772172364237193,
      -4.710155446039994,
      -0.006835763531907441,
      -4.704668978875592
    ],
    [
      -4.0548214696971865,
      -0.008503425884358318,
      0.00684227049177501,
      -4.2725884460887835,
      -0.07015442926813656,
      -4.239649771301004
    ],
    [
      -0.23930280931245818,
      -0.0011610257670787354,
      -0.0007586669306015195,
      -0.24053349142174393,
      0.000111662516698646,
      -0.24081970357341415
    ],
    [
      -0.23891365488279653,
      0.001079057313902806,
      -0.0003575552826051088,
      -0.2428811026174935,
      -0.00037346987599479165,
      -0.24099208788487703
    ],
    [
      -0.23930345006549694,
      -0.0002107523331232557,
      0.0014777628353668413,
      -0.24125067969908331,
      -0.0009135405003617706,
      -0.2422980623260617
    ],
    [
      -0.44295732122154513,
      0.0026758729062347315,
      0.002028818634000882,
      -0.4623239152717023,
      0.0009374469183068781,
      -0.4600710878155132
    ],
    [
      -0.443584642064685,
      0.000848535035178851,
      0.004614296166931444,
      -0.4602292263549442,
      0.00020661182575919794,
      -0.46186073044040654
    ],
    [
      -5.020348871120298,
      0.010826173536344205,
      0.004646201333937143,
      -4.983826698562364,
      0.00045905728427946604,
      -4.982093948012832
    ],
    [
      -0.4720895347105087,
      0.005260261915179334,
      0.0012946016523366958,
      -0.4621546851626237,
      0.005552474463645281,
      -0.46095697172351796
    ],
    [
      -0.42627042222184797,
      0.0007207666874262212,
      0.0007356440051736231,
      -0.4212176376106694,
      0.005309124577407463,
      -0.4235686532889609
    ],
    [
      -0.47275053608317624,
      0.0032602662589404775,
      0.004211166857755488,
      -0.4591800404137193,
      0.004600744306240501,
      -0.46349772241483894
    ]
  ],
  "octupoles": [
    [
      -0.22372501202022432,
      0.035238449347194625,
      -0.03941414385635358,
      0.18222821426130068,
      -0.004738410514524478,
      0.21131427603874672,
      -0.12739441409868513,
      0.12896266662131944,
      0.03412129426674528,
      -0.11800074667544364
    ],
    [
      0.34956105099161455,
      -0.028398143712113525,
      0.03265207626782631,
      -0.15419383119354235,
      -0.06571423448488664,
      -0.14711185946029773,
      0.08847844575143736,
      -0.12914284239537838,
      -0.05798882117598162,
      0.10264813029776552
    ],
    [
      0.0006098827143743786,
      -0.006831250885428784,
      -0.006413508522658923,
      0.0035411772568684947,
      -0.0009810296542006754,
      0.004470379893904345,
      -0.02568735821028055,
      -0.00452476353482459,
      -0.007762312151840447,
      -0.020001210786096117
    ],
    [
      0.0031574194427418244,
      0.007647620517775095,
      -0.004336756797056846,
      0.002260161964725452,
      0.00016068543803473634,
      0.0059857925160331305,
      0.023364257647893787,
      -0.002897200520680276,
      0.009711126228448263,
      -0.012367515460110215
    ],
    [
      -0.0006030956230284268,
      -0.0014072369581720732,
      0.008047337108278521,
      0.004227605217877979,
      -0.00037710936117715474,
      0.0010134172938197367,
      -0.006733463264463753,
      0.011384722716185236,
      -0.0023486350704981463,
      0.025745411053707413
    ],
    [
      0.03686106372359971,
      0.009654919783021444,
      -0.013319559263435981,
      0.00907369840526539,
      -0.0010209726133426438,
      0.009544780101766558,
      0.03996711238728367,
      -0.022154465317135122,
      0.0069607623446444064,
      -0.03971448913047637
    ],
    [
      0.028167795713677644,
      -0.012154575496624223,
      0.01463128506925217,
      0.006735054063320764,
      -0.001173807404835936,
      0.004543052268952221,
      -0.03737608769666017,
      0.008272688829307283,
      -0.0153699205095743,
      0.055651082693518546
    ],
    [
      -0.09528478726841107,
      -0.06158893731969036,
      -0.10122484722364934,
      0.2548847854408786,
      0.05464731786685392,
      0.249810017622341,
      -0.02359160460434596,
      0.3153335412683853,
      0.1651281670080495,
      -0.1085810151241958
    ],
    [
      0.0016109585532979934,
      0.01045250311062886,
      -0.006098945874065764,
      0.0048356255263316975,
      0.0002515967053707345,
      0.012030495058015017,
      0.03959975214021934,
      0.0004607346113854339,
      0.01517548212349579,
      -0.018181329879378833
    ],
    [
      0.03812490319915034,
      -0.00013052179534527204,
      0.0002739876487944132,
      0.01655082072326257,
      0.000325620247837473,
      0.018074688711840124,
      -0.010651623427297694,
      0.0069652448418020246,
      0.0008661508629821722,
      -0.007468845386624513
    ],
    [
      -0.003242493971987225,
      -0.000981507853785522,
      0.010161578821379313,
      0.008922387398849216,
      -0.0009700295194729181,
      0.002941562828527558,
      -0.009379198256251232,
      0.020221567359084074,
      0.0009137171693993138,
      0.04033692310863714
    ]
  ],
  "valence_widths": [
    [
      0.4470364152277429
    ],
    [
      0.49523880128596715
    ],
    [
      0.3276440299017356
    ],
    [
      0.3278935323262082
    ],
    [
      0.32790715994875697
    ],
    [
      0.3690195393638039
    ],
    [
      0.3690573331170525
    ],
    [
      0.5136683735011164
    ],
    [
      0.3754529428719321
    ],
    [
      0.3675172134712909
    ],
    [
      0.37547763419888225
    ]
  ],
  "radial_moments": [
    [
      30.517264986429065
    ],
    [
      29.76929804677646
    ],
    [
      1.1448589845857475
    ],
    [
      1.1524647394108718
    ],
    [
      1.1526218766332137
    ],
    [
      2.4420191899009547
    ],
    [
      2.4428573503351085
    ],
    [
      36.73752189778819
    ],
    [
      2.55943405904622
    ],
    [
      2.267843482574618
    ],
    [
      2.5600294880117436
    ]
  ],
  "core_charges": [
    5.33,
    4.34,
    1,
    1,
    1,
    1,
    1,
    4.34,
    1,
    1,
    1
  ],