{
  "atom_names": [
    "F"
  ],
  "energy": -99.75164249695935,
  "charges": [
    [
      -0.9999999999969605
    ]
  ],
  "dipoles": [
    [
      -5.801237599702873e-16,
      -1.4764860002485468e-15,
      6.855143415368341e-15
    ]
  ],
  "quadrupoles": [
    [
      -5.658036364567484,
      -1.918474174651447e-15,
      -1.9764172616990293e-15,
      -5.658036368157627,
      3.235314935408358e-16,
      -5.658036361002623
    ]
  ],
  "octupoles": [
    [
      1.2009305798177824e-13,
      -2.737959677476948e-14,
      9.40178824461862e-15,
      2.7983998963825354e-15,
      2.797847285591794e-15,
      -1.751035399614447e-14,
      3.519072892081913e-15,
      -7.77649286381046e-15,
      -5.992180171336029e-14,
      9.174253263845721e-14
    ]
  ],
  "valence_widths": [
    [
      0.3997081368004138
    ]
  ],
  "radial_moments": [
    [
      40.0782850770462
    ]
  ],
  "core_charges": [
    7.38
  ],
  "shell_charges": [
    -8.37999999999696
  ],
  "sigma_inv_nm": [
    47.27766847333289
  ]
}