{
  "atom_names": [
    "O",
    "O",
    "C",
    "H"
  ],
  "energy": -188.97318644538012,
  "charges": [
    [
      -0.8116197284995434
    ],
    [
      -0.8116505362341203
    ],
    [
      0.7419324010056693
    ],
    [
      -0.11866214077156946
    ]
  ],
  "dipoles": [
    [
      -0.019791196882556775,
      -0.056911172730332825,
      3.053546238125316e-16
    ],
    [
      0.019783850809535746,
      -0.05690764286891687,
      -7.67553518638912e-15
    ],
    [
      -2.5982789951814826e-06,
      -0.09266277693645049,
      2.414792241372907e-15
    ],
    [
      1.1337390386648865e-05,
      0.06499937478575832,
      1.3256112551593176e-15
    ]
  ],
  "quadrupoles": [
    [
      -5.0344121933501835,
      0.030910219566948897,
      2.896877611022223e-15,
      -5.179614009271005,
      3.889634253096975e-15,
      -4.971667591988565
    ],
    [
      -5.034501821314629,
      -0.03093984264529333,
      5.0492277379019075e-15,
      -5.179722199581178,
      -4.3899698134190555e-15,
      -4.971797937023372
    ],
    [
      -3.767154985685127,
      2.4944742901560304e-06,
      3.783771253475014e-15,
      -3.7351901313931553,
      4.39820834525793e-15,
      -3.524003169710343
    ],
    [
      -0.827829331531981,
      -3.271682299856845e-06,
      3.4939343438290884e-16,
      -0.8958323602263595,
      -4.313767676258283e-16,
      -0.8541432475053898
    ]
  ],
  "octupoles": [
    [
      0.42257391452134957,
      -0.27884274221950217,
      -2.1228811451107033e-14,
      0.20415744850399883,
      1.753752592421108e-15,
      0.3190180241921869,
      0.5007121507129425,
      -3.128921392937438e-14,
      0.05959291700490987,
      -1.8261226628164465e-15
    ],
    [
      -0.42268603758730133,
      -0.2788540147139965,
      1.7346767257002967e-14,
      -0.20405551705275227,
      -1.4464769037647448e-14,
      -0.3190414989155606,
      0.5008579416891854,
      4.261205570493279e-14,
      0.0596438393760228,
      -2.6051300286344914e-15
    ],
    [
      -9.418733162753439e-06,
      -0.0561739082607683,
      9.71568064666853e-15,
      7.390347421633123e-06,
      -2.2064523254254495e-14,
      -2.681883070389269e-05,
      -0.025971923581517245,
      -7.539605398352537e-15,
      -0.06536957164564561,
      1.352414641948971e-13
    ],
    [
      -6.374865794032631e-06,
      -0.04746382097126232,
      -3.420887014042789e-15,
      -1.9291803404619696e-06,
      -3.988710011912301e-15,
      -4.684355103296324e-06,
      -0.19606906785371583,
      -6.3841469458652905e-15,
      -0.06986757754588951,
      7.110161767810857e-15
    ]
  ],
  "valence_widths": [
    [
      0.4181157115472694
    ],
    [
      0.4181190293171874
    ],
    [
      0.503897078201907
    ],
    [
      0.4337692202531385
    ]
  ],
  "radial_moments": [
    [
      32.90156412007562
    ],
    [
      32.90271983421377
    ],
    [
      28.925189112382842
    ],
    [
      5.9338364072555
    ]
  ],
  "core_charges": [
    6.33,
    6.33,
    4.34,
    1
  ],
  "shell_charges": [
    -7.141619728499544,
    -7.1416505362341205,
    -3.5980675989943305,
    -1.1186621407715696
  ],
  "sigma_inv_nm": [
    45.19626566486285,
    45.19590703298983,
    37.50223923737774,
    43.56525980961836
  ]
}