{
  "atom_names": [
    "C",
    "N",
    "N",
    "N",
    "H",
    "H",
    "H",
    "H",
    "H",
    "H"
  ],
  "energy": -205.49720383089488,
  "charges": [
    [
      1.0926666777943417
    ],
    [
      -0.9400214583875407
    ],
    [
      -0.9400485751545242
    ],
    [
      -0.9399458013955428
    ],
    [
      0.4545325220685046
    ],
    [
      0.45460312387777707
    ],
    [
      0.4545590467572059
    ],
    [
      0.45454283574522936
    ],
    [
      0.4545665597048906
    ],
    [
      0.45454502634727467
    ]
  ],
  "dipoles": [
    [
      1.7596479255469128e-06,
      -1.0060445967435717e-05,
      -5.2453855752754835e-15
    ],
    [
      -0.028703789622770527,
      -0.020456906442973013,
      3.1675267432462753e-14
    ],
    [
      0.03209222336255833,
      -0.01469160927574579,
      -1.474092554005617e-14
    ],
    [
      -0.0034184426616164425,
      0.03513781830558538,
      8.936393718299489e-15
    ],
    [
      0.027018143859358575,
      0.013848118834620239,
      1.6209397770761158e-15
    ],
    [
      0.007301846004013736,
      -0.029462042613880343,
      -2.410555395998664e-16
    ],
    [
      -0.0291678288995635,
      0.008405168962300537,
      7.11703347600397e-16
    ],
    [
      -0.0015263432290163145,
      -0.03032325051708995,
      -2.4749003622587057e-16
    ],
    [
      -0.025494098547482198,
      0.016476871343886968,
      5.511658655407309e-16
    ],
    [
      0.021867928442603088,
      0.02105234059862305,
      -1.4895570536022036e-15
    ]
  ],
  "quadrupoles": [
    [
      -2.681297919845948,
      3.5454350540050838e-06,
      -1.1452426575311896e-16,
      -2.68131245287822,
      2.85737153046196e-15,
      -2.529434311783977
    ],
    [
      -5.214570984374416,
      0.004255261931570315,
      -2.8436088036980962e-15,
      -5.217550257738186,
      7.131065135853332e-15,
      -5.2215795141402275
    ],
    [
      -5.213096068103967,
      -0.0034387361170071414,
      -6.241319188395619e-15,
      -5.219153373452175,
      -4.573414352932207e-15,
      -5.221704659425267
    ],
    [
      -5.220084563360501,
      -0.0008344557772781475,
      2.9504264479692617e-15,
      -5.211211334652424,
      -1.2784651252327606e-14,
      -5.221146767054991
    ],
    [
      -0.22171678272038392,
      -0.004410127796797908,
      3.71612678910608e-17,
      -0.22142630514213826,
      3.513507777663939e-16,
      -0.23453988494730688
    ],
    [
      -0.21708337907426872,
      -0.0004659121145111399,
      -2.628526326925457e-16,
      -0.22585534704590007,
      -6.704093345524679e-17,
      -0.23443019868629822
    ],
    [
      -0.22328898555026233,
      0.004032296992054073,
      2.112051887240217e-16,
      -0.21970950353928315,
      2.897657839581162e-16,
      -0.23446010937074507
    ],
    [
      -0.217678242804078,
      0.0020802011657749006,
      -2.327429576887811e-16,
      -0.22546091515729666,
      -1.9969308266104951e-16,
      -0.23453708950315047
    ],
    [
      -0.22524134438723198,
      0.002328707598272817,
      -1.3856353867812987e-16,
      -0.21775097956523215,
      5.445807174909227e-16,
      -0.23445800035256456
    ],
    [
      -0.22409645143812298,
      -0.003565126369624704,
      3.894280594409391e-16,
      -0.21890533581910626,
      2.626186480626866e-16,
      -0.23446196387488935
    ]
  ],
  "octupoles": [
    [
      -0.048306732339486035,
      0.16242416242707983,
      -9.461424900447749e-15,
      0.04827376804330199,
      2.2770627261895583e-15,
      -1.5831551034815435e-05,
      -0.16242680541660623,
      1.9276395661377283e-15,
      -1.411578444547181e-06,
      8.589873846258632e-16
    ],
    [
      -0.15251097126017657,
      -0.37208578036274836,
      -4.401204975834052e-15,
      -0.1751371370388528,
      5.103658169390472e-15,
      0.03082065358752758,
      0.1385274821361232,
      -7.175843388777289e-15,
      0.02209785496005493,
      9.076128843048e-14
    ],
    [
      0.36794172371300343,
      -0.355515483509439,
      -5.040724926649899e-15,
      -0.001657886313545091,
      -9.105547457000432e-15,
      -0.03450621411203887,
      0.18830718860651827,
      -1.6515316164737478e-14,
      0.015565797739313984,
      -5.891565098921239e-15
    ],
    [
      0.0641127489969441,
      -0.2134301422781895,
      2.0836315028552003e-14,
      -0.1029294225424637,
      3.950432627366747e-15,
      0.0035885672923261225,
      0.6141400370326827,
      -8.376166282480053e-15,
      -0.03765591358051802,
      2.151840120101609e-14
    ],
    [
      0.019632737146503085,
      0.0019217121022694862,
      -4.136278571859095e-16,
      0.006517805247934282,
      2.682104372830526e-18,
      0.005838128395364652,
      0.0050148228663182805,
      6.648924534376205e-16,
      0.001945236555208714,
      1.0358031794189028e-15
    ],
    [
      0.008836640262472132,
      -0.005922804206597229,
      7.419304534989001e-17,
      0.0031035445104228452,
      -8.992375678578403e-17,
      0.0023685903517477102,
      -0.018348574034087232,
      -1.8796968336108687e-16,
      -0.005680853908851515,
      -3.0034085582875144e-17
    ],
    [
      -0.020361278535871573,
      0.0005923446590978827,
      1.45862085402601e-17,
      -0.006629390239638384,
      -5.577015953382982e-17,
      -0.006103524924088567,
      0.0012029163445449352,
      5.195759941615276e-17,
      0.0007885543918414905,
      1.0008751150563877e-15
    ],
    [
      -0.005286003129744215,
      -0.006341719141844824,
      -2.6051063365324976e-16,
      -0.0017879611125877963,
      9.827940035957622e-17,
      -0.0012367678863328456,
      -0.019774350927424793,
      2.4471996644861996e-16,
      -0.006028540399951101,
      -9.965813791368111e-16
    ],
    [
      -0.014289206045009844,
      0.004978502166100564,
      -6.790381130599404e-16,
      -0.004790448986839974,
      -1.6016209826419985e-16,
      -0.004603705037948183,
      0.01419468277448334,
      6.26505061125076e-16,
      0.004083436039011282,
      1.042609063984948e-15
    ],
    [
      0.011171389730071412,
      0.0057617289879947995,
      1.5948134208087987e-15,
      0.003881718331488661,
      2.224579126923548e-16,
      0.0037359385234809737,
      0.01671144450695652,
      -1.0106876414851918e-16,
      0.004890049482480867,
      -6.827970768820831e-16
    ]
  ],
  "valence_widths": [
    [
      0.4505545430297457
    ],
    [
      0.45835756549335543
    ],
    [
      0.4583605428212427
    ],
    [
      0.45834137694795096
    ],
    [
      0.3250024872901429
    ],
    [
      0.3249494092909059
    ],
    [
      0.32495731671279426
    ],
    [
      0.32500415000701455
    ],
    [
      0.3249577688720331
    ],
    [
      0.32495413815227026
    ]
  ],
  "radial_moments": [
    [
      17.11772487817242
    ],
    [
      34.60110524075604
    ],
    [
      34.60186487237869
    ],
    [
      34.59693689884077
    ],
    [
      1.0734034377796575
    ],
    [
      1.072717983504637
    ],
    [
      1.0728907320350236
    ],
    [
      1.0733960069552935
    ],
    [
      1.0728769554209114
    ],
    [
      1.072891056021452
    ]
  ],
  "core_charges": [
    4.34,
    5.33,
    5.33,
    5.33,
    1,
    1,
    1,
    1,
    1,
    1
  ],
  "shell_charges": [
    -3.247333322205658,
    -6.270021458387541,
    -6.270048575154524,
    -6.269945801395543,
    -0.5454674779314954,
    -0.545396876122223,
    -0.5454409532427942,
    -0.5454571642547706,
    -0.5454334402951093,
    -0.5454549736527253
  ],
  "sigma_inv_nm": [
    41.94224444097093,
    41.228224862839085,
    41.22795706067865,
    41.22968103726214,
    58.144997397737434,
    58.15449493809071,
    58.15307982262006,
    58.144699928710736,
    58.1529989060985,
    58.15364865083971
  ]
}