{
  "atom_names": [
    "C",
    "C",
    "N",
    "C",
    "N",
    "H",
    "H",
    "H",
    "H",
    "H"
  ],
  "energy": -226.25133754413983,
  "charges": [
    [
      -0.01303845207614132
    ],
    [
      -0.013119826556608498
    ],
    [
      -0.3265896372352342
    ],
    [
      0.21611615515909358
    ],
    [
      -0.3266468681683643
    ],
    [
      0.2103387732954159
    ],
    [
      0.21032917135476517
    ],
    [
      0.42671438129593126
    ],
    [
      0.1891654717731249
    ],
    [
      0.4267300880533368
    ]
  ],
  "dipoles": [
    [
      -0.06526103976538726,
      0.07801725411939352,
      -7.015203363517673e-15
    ],
    [
      -0.09933594342251138,
      -0.021881709151975945,
      -5.516586873549687e-15
    ],
    [
      0.06555762775375777,
      0.0149886004287991,
      -5.4321488614801925e-15
    ],
    [
      0.09836487503916574,
      -0.03354490234220783,
      -1.0167828308682825e-14
    ],
    [
      0.04274525533613508,
      -0.05197979142559287,
      -2.156065580029545e-14
    ],
    [
      0.06810053239231591,
      0.023001340916147334,
      -7.243748850821988e-16
    ],
    [
      0.03986017942965681,
      -0.059814356309885,
      1.2624653560032617e-16
    ],
    [
      -0.024050058504452215,
      -0.034194540084228196,
      3.8172632892634795e-16
    ],
    [
      -0.0812373565284106,
      0.02770403204578714,
      -1.3924881758330344e-15
    ],
    [
      0.0018534699863523524,
      0.041779332958431184,
      -1.4072175961660363e-15
    ]
  ],
  "quadrupoles": [
    [
      -4.290269630612741,
      -0.06802322354351893,
      5.363283532805602e-16,
      -4.334310552847558,
      -2.023782948735736e-15,
      -4.171997613625129
    ],
    [
      -4.241109975296592,
      -0.004077283554961671,
      -4.909211818382805e-16,
      -4.383884420778717,
      3.3387280905767726e-15,
      -4.172251368812826
    ],
    [
      -4.4020419369179855,
      -0.006139911068543752,
      1.4124015637354212e-15,
      -4.3761598493677445,
      2.2764800786432514e-15,
      -4.229769922703779
    ],
    [
      -3.9786640694814395,
      0.012331985116692633,
      7.193538783540372e-19,
      -3.9467625062487404,
      -2.9487242322029224e-15,
      -3.802271798246372
    ],
    [
      -4.386770447170719,
      0.01410512486279259,
      2.8599449280158275e-15,
      -4.392162626149449,
      -5.146621008413957e-15,
      -4.229929147461166
    ],
    [
      -0.4009588025825775,
      -0.002404425000227852,
      -7.955954271569956e-16,
      -0.4024326357142493,
      -5.739022189748963e-16,
      -0.425010331169236
    ],
    [
      -0.39918931573994426,
      -0.00010157095571365235,
      -7.525709936842476e-16,
      -0.4042139828358614,
      3.5673310700981195e-16,
      -0.42501516841447634
    ],
    [
      -0.24200097660729333,
      -0.0030282088797369167,
      -2.3379130909435944e-16,
      -0.24292203675412277,
      -3.934883154218919e-16,
      -0.25598262354957957
    ],
    [
      -0.41737262863591473,
      -0.0006118321385092536,
      -1.0371071898628176e-15,
      -0.41896077180856894,
      -1.098526114418392e-16,
      -0.44755868522696773
    ],
    [
      -0.23951788706015126,
      0.0003226158355386062,
      -7.200062882174851e-16,
      -0.2456145120548207,
      -1.9742372633039333e-15,
      -0.2560939180257706
    ]
  ],
  "octupoles": [
    [
      0.06139904226731674,
      -0.20858332474333682,
      3.918254345772726e-15,
      0.18570959217964275,
      -8.654964316403409e-15,
      -0.1534124345909943,
      0.3905767653739183,
      -2.5757299237600534e-14,
      0.13502445635177604,
      -3.44452938616288e-14
    ],
    [
      0.345651072863915,
      -0.05885425916229453,
      2.4316697997444765e-15,
      -0.26121685001539013,
      2.11109378548587e-15,
      -0.20389800301241817,
      -0.23623808144861727,
      -1.6685914650379055e-14,
      -0.013122594042338061,
      -7.549085750162855e-14
    ],
    [
      -0.23035671052773124,
      0.03286736226227875,
      -1.4273773383098612e-14,
      0.2180293183392396,
      -1.7673602333076357e-15,
      0.11420404348050413,
      -0.22081867328383484,
      -1.6758513765768033e-14,
      0.03753930592470346,
      -4.5615921698746946e-14
    ],
    [
      0.02398911656347206,
      -0.16262996645601682,
      -1.1904225307891214e-14,
      -0.14464143084952813,
      -1.336191893853377e-14,
      0.18998540555076227,
      0.20365189232374895,
      -3.009300736324591e-14,
      -0.06477121194505586,
      -5.890585563303228e-14
    ],
    [
      0.09162391039480508,
      0.27373782380894146,
      -4.750730045685787e-15,
      0.013494026771702724,
      3.764952441121873e-16,
      0.0675178664641246,
      -0.11783440606998548,
      -2.6972506172855215e-14,
      -0.09958649133437872,
      -4.97816488973396e-14
    ],
    [
      0.061138337535126736,
      0.005719126432528101,
      -1.0793264705968095e-15,
      0.023666484631621656,
      1.0080624627837635e-16,
      0.020565316142645798,
      0.018814893841962783,
      -4.336890380381212e-16,
      0.008375224607657203,
      3.618817066117998e-16
    ],
    [
      0.0404554780410214,
      -0.015699983891271918,
      -4.523371722387489e-16,
      0.011692792215480306,
      3.749707941968539e-16,
      0.01116551647171531,
      -0.05553194252312536,
      -1.1275045976083696e-15,
      -0.01919407691927798,
      -2.6980613712692966e-15
    ],
    [
      -0.01597028870654591,
      -0.00790606215820801,
      -7.849578985465057e-17,
      -0.0038873671854154517,
      1.1208041095034062e-16,
      -0.0028860563930641543,
      -0.027308896690624515,
      1.1698612571589547e-15,
      -0.008025694915383826,
      -7.186745268287414e-16
    ],
    [
      -0.0803818764236098,
      0.00773379746238055,
      1.4787767865151209e-15,
      -0.028134272823734877,
      6.602834397938347e-17,
      -0.028750870670639368,
      0.02926720841998026,
      2.0035497103480038e-16,
      0.009803687189695365,
      -1.3095323405667034e-15
    ],
    [
      0.0039463613708468626,
      0.01134725503594928,
      -1.399685209691782e-15,
      0.001856993222117841,
      -8.242788876005088e-16,
      0.002623031181213371,
      0.028685939238710864,
      -3.163188333571955e-15,
      0.008117688120452158,
      -3.4368462375900975e-15
    ]
  ],
  "valence_widths": [
    [
      0.4976173335051602
    ],
    [
      0.49762627056043623
    ],
    [
      0.43906350140318634
    ],
    [
      0.4891124859366954
    ],
    [
      0.43907673822462573
    ],
    [
      0.36440212499262886
    ],
    [
      0.3644022238432246
    ],
    [
      0.33176046690237243
    ],
    [
      0.3677219449937053
    ],
    [
      0.33183640020923105
    ]
  ],
  "radial_moments": [
    [
      30.50209921804881
    ],
    [
      30.5042386376661
    ],
    [
      27.578519743588615
    ],
    [
      27.514395252210495
    ],
    [
      27.581376769167402
    ],
    [
      2.166895876827181
    ],
    [
      2.166928837777523
    ],
    [
      1.195037428445045
    ],
    [
      2.2849924232126657
    ],
    [
      1.1958347035982977
    ]
  ],
  "core_charges": [
    4.34,
    4.34,
    5.33,
    4.34,
    5.33,
    1,
    1,
    1,
    1,
    1
  ],
  "shell_charges": [
    -4.353038452076142,
    -4.3531198265566085,
    -5.656589637235235,
    -4.123883844840906,
    -5.656646868168364,
    -0.7896612267045842,
    -0.7896708286452349,
    -0.5732856187040687,
    -0.8108345282268751,
    -0.5732699119466632
  ],
  "sigma_inv_nm": [
    37.9755034749962,
    37.97482145880499,
    43.03994460334437,
    38.63583392591899,
    43.038647080583814,
    51.85828369723642,
    51.858269629752996,
    56.960580488043725,
    51.39010340562361,
    56.94754633858238
  ]
}