{
  "atom_names": [
    "Li"
  ],
  "ccsd_energy": -7.2494189887679115,
  "charges": [
    [
      1.0000000000003895
    ]
  ],
  "dipoles": [
    [
      2.7305416036941663e-15,
      3.1901953662332323e-15,
      2.394955784938604e-15
    ]
  ],
  "quadrupoles": [
    [
      -0.30060377152472134,
      -1.3382240030052807e-14,
      -5.6690455161468406e-15,
      -0.3006037715247314,
      -7.691831947669113e-15,
      -0.30060377152470974
    ]
  ],
  "octupoles": [
    [
      5.008357099855337e-13,
      3.82753702127309e-13,
      1.2882052812183032e-13,
      2.592060115057213e-13,
      -8.722341156635966e-14,
      9.420100431722563e-14,
      5.705358703644793e-13,
      3.0537269189685323e-13,
      1.0792649306392293e-13,
      3.9288892847527074e-13
    ]
  ],
  "valence_widths": [
    [
      0.20952092282020898
    ]
  ],
  "radial_moments": [
    [
      0.9261299843089315
    ]
  ],
  "core_charges": [
    1.076
  ],
  "shell_charges": [
    -0.0759999999996106
  ],
  "sigma_inv_nm": [
    90.19275270164498
  ]
}