{
  "atom_names": [
    "N",
    "C",
    "H",
    "H",
    "H",
    "H",
    "H",
    "H"
  ],
  "energy": -96.0854855467716,
  "charges": [
    [
      -0.6253577023450674
    ],
    [
      -0.16892491902709172
    ],
    [
      0.42859754892730273
    ],
    [
      0.4285896762760195
    ],
    [
      0.42858251732561625
    ],
    [
      0.16950329955076637
    ],
    [
      0.1694998069213137
    ],
    [
      0.16950960213219043
    ]
  ],
  "dipoles": [
    [
      0.14170090147738718,
      -9.386933957974885e-06,
      0.013307553323847207
    ],
    [
      -0.10911355473414079,
      1.0720930281796684e-05,
      -0.01027671550630765
    ],
    [
      -0.004452794000862792,
      -0.029986686639067495,
      -0.02432104032609094
    ],
    [
      -0.005361532809277877,
      0.035605886396926405,
      -0.014635098843378437
    ],
    [
      -0.010230977085897743,
      -0.005616347267648657,
      0.037079004856913005
    ],
    [
      0.03152501965740715,
      0.009118047878254874,
      -0.058791187502058945
    ],
    [
      0.023624880609271877,
      -0.05781309315930458,
      0.025169011744991723
    ],
    [
      0.022147576245456768,
      0.04868557930729172,
      0.040897758705976985
    ]
  ],
  "quadrupoles": [
    [
      -4.728862099458075,
      4.725328175471501e-06,
      -0.009757510145803866,
      -4.625061870701504,
      3.2849017646338887e-06,
      -4.625990610092403
    ],
    [
      -4.26329392547805,
      4.041775350629405e-06,
      0.02038409008662134,
      -4.479735450090911,
      7.055011916847622e-06,
      -4.477810202838894
    ],
    [
      -0.23653180197119378,
      -0.001182458754426557,
      -0.0006833107787082398,
      -0.23865664582434165,
      0.00038587933548103694,
      -0.23903858795019384
    ],
    [
      -0.23661882978930138,
      0.0013818299362245076,
      -0.0002956312558593886,
      -0.23841583302758598,
      -0.0002182256915008634,
      -0.23923815916368543
    ],
    [
      -0.23701200180239715,
      -0.00019876021325242708,
      0.001565702466678929,
      -0.23930703898353983,
      -0.0001666442063885491,
      -0.2380493412649222
    ],
    [
      -0.4262596471300104,
      0.00025206039228913745,
      0.0006626010828464826,
      -0.4511445935644334,
      -0.0017480340724015087,
      -0.4394983635750101
    ],
    [
      -0.42652359025158915,
      -0.00015797020430976838,
      0.002408077174340413,
      -0.4409109133369869,
      -0.004189795898234632,
      -0.4495415027194175
    ],
    [
      -0.42649159090177674,
      -9.35645899206875e-05,
      0.002270209838503372,
      -0.44393559445930564,
      0.00593978937617308,
      -0.4464473774521177
    ]
  ],
  "octupoles": [
    [
      -0.20906759368708394,
      0.0004959587659719589,
      -0.061417255568452025,
      0.20439604718860502,
      -0.00531628561048043,
      0.21931758240059365,
      -0.05705974491840522,
      0.14031621867832236,
      0.056517493558134436,
      -0.05896764179634623
    ],
    [
      0.4881118134516272,
      -0.0003333415406201561,
      0.08821316262779191,
      -0.21269543913359118,
      0.0037188860967057725,
      -0.21822244979357489,
      0.03992331423900773,
      -0.10467716925588122,
      -0.03948842579068172,
      0.021782380792497256
    ],
    [
      0.002187006727315808,
      -0.007615475782747162,
      -0.006988739615754922,
      0.0043015290218215855,
      -0.0010814847624410285,
      0.005164729413578283,
      -0.026915483013180717,
      -0.00472202378580922,
      -0.008047811369030933,
      -0.021133044534641175
    ],
    [
      0.0014917134107283623,
      0.009159311359126072,
      -0.004560412866831253,
      0.0034721761362011883,
      0.0005853279987347512,
      0.005402231299406738,
      0.030106372607661403,
      -0.001969081357610121,
      0.011293111573136713,
      -0.012561825866239794
    ],
    [
      -0.002370787702306278,
      -0.0015204379907843434,
      0.009322421852776529,
      0.003965065005181271,
      0.00025931344115739973,
      0.001860378719239841,
      -0.005730604823151519,
      0.013196746970039076,
      -0.0007255968170275926,
      0.03182781247358838
    ],
    [
      0.0326584299206117,
      0.0025012006307643386,
      -0.014709317788282413,
      0.0045151084251370205,
      -0.0005466708229898635,
      0.009288190780610342,
      0.01193203926736584,
      -0.026099362830957058,
      -0.0002730653363149974,
      -0.05072817753856961
    ],
    [
      0.026353724609143852,
      -0.014769777832773707,
      0.008156727311322554,
      0.0065697856893695665,
      -0.0012155075405740588,
      0.001276169945662379,
      -0.05294910028583406,
      0.0014641235794560126,
      -0.022065027919738484,
      0.02923126967155946
    ],
    [
      0.02523531266569038,
      0.012183705067536054,
      0.012024822668573857,
      0.004719444634186838,
      0.0026273594682118904,
      0.001953372899931885,
      0.050287617513266394,
      0.006416381379798367,
      0.013136626543057419,
      0.04483677511641219
    ]
  ],
  "valence_widths": [
    [
      0.4447713026651415
    ],
    [
      0.4980181763296909
    ],
    [
      0.3266718890363529
    ],
    [
      0.32667998240103424
    ],
    [
      0.32669963096846927
    ],
    [
      0.36781127397232866
    ],
    [
      0.36782071579175535
    ],
    [
      0.36780878408205325
    ]
  ],
  "radial_moments": [
    [
      29.673510885888582
    ],
    [
      31.121184393916757
    ],
    [
      1.1285371729172684
    ],
    [
      1.1286388707447566
    ],
    [
      1.1288594772564644
    ],
    [
      2.3429921929576083
    ],
    [
      2.3431836245922897
    ],
    [
      2.3429258635507244
    ]
  ],
  "core_charges": [
    5.33,
    4.34,
    1,
    1,
    1,
    1,
    1,
    1
  ],
  "shell_charges": [
    -5.955357702345068,
    -4.508924919027091,
    -0.5714024510726973,
    -0.5714103237239805,
    -0.5714174826743837,
    -0.8304967004492336,
    -0.8305001930786863,
    -0.8304903978678095
  ],
  "sigma_inv_nm": [
    42.48760804599591,
    37.944937907714944,
    57.84785716790162,
    57.846424010593815,
    57.84294497586189,
    51.37762247919905,
    51.376303634954574,
    51.3779702812313
  ]
}