{
  "atom_names": [
    "K"
  ],
  "hf_energy": -599.173028617761,
  "ccsd_energy": -599.1730286176429,
  "charges": [
    [
      1.0000000121996706
    ]
  ],
  "dipoles": [
    [
      1.219739275640859e-14,
      -4.988164911234557e-15,
      2.868540575272723e-14
    ]
  ],
  "quadrupoles": [
    [
      -6.568464781040761,
      2.5275921222326467e-16,
      -6.827631741594697e-15,
      -6.568464783939768,
      -1.3548235666915445e-15,
      -6.568464801569485
    ]
  ],
  "octupoles": [
    [
      9.403189775081372e-14,
      3.3457993822949153e-15,
      1.4455106351561807e-14,
      3.706187348515359e-14,
      1.3198475248530391e-14,
      2.9319339522105925e-14,
      -1.3037304905721153e-13,
      -9.633693044011823e-15,
      -2.655765527564155e-14,
      2.2366410418244535e-13
    ]
  ],
  "valence_widths": [
    [
      0.4085353127375006
    ]
  ],
  "radial_moments": [
    [
      35.73036137677756
    ]
  ],
  "core_charges": [
    1.076
  ],
  "shell_charges": [
    -0.07599998780032946
  ],
  "sigma_inv_nm": [
    46.256145279381904
  ]
}