{
  "energy": -267.4896280542458,
  "charges": [
    [
      -0.8578601648542729
    ],
    [
      -0.82053484805965
    ],
    [
      -0.3965680381363243
    ],
    [
      -0.3581740200917181
    ],
    [
      0.9188405503687144
    ],
    [
      0.10659754793898907
    ],
    [
      0.10659748647213188
    ],
    [
      0.11635350159922458
    ],
    [
      0.11635947206380891
    ],
    [
      0.06838865421288402
    ]
  ],
  "dipoles": [
    [
      0.05607539844259419,
      -0.023541441756844455,
      -0.0008328371678157283
    ],
    [
      -0.032608630445568505,
      0.047744490326314504,
      0.0012129192569316602
    ],
    [
      -0.09401446311819601,
      0.054697945361833644,
      0.0017246025509946859
    ],
    [
      0.11008411670794344,
      -0.05872017917066469,
      -0.0019040584998498142
    ],
    [
      0.05506509884498422,
      0.04381494189209471,
      0.0006131008855631714
    ],
    [
      0.005237009879433239,
      -0.012945142470516442,
      -0.03957427314861986
    ],
    [
      0.0057019889503770104,
      -0.014624170449467925,
      0.03892016760314323
    ],
    [
      0.022577971260519403,
      0.025386223404560145,
      0.038675476796382044
    ],
    [
      0.02213009023859379,
      0.027025582321397547,
      -0.03781559780872232
    ],
    [
      -0.024949530699768564,
      -0.03962149811163017,
      -0.0007023999358417716
    ]
  ],
  "quadrupoles": [
    [
      -5.145698020877006,
      -0.0594142978017057,
      -0.0006814295578744054,
      -5.140814232666665,
      -0.0016777622480885434,
      -5.045902354775587
    ],
    [
      -5.0157975165853275,
      -0.055756434585639135,
      -0.0007987312639114992,
      -5.0153726785561314,
      -0.0010949086963320694,
      -4.948748960187052
    ],
    [
      -5.229931789172889,
      -0.022900382876543363,
      0.0006238110193805494,
      -5.25070638728119,
      -0.004342140395780481,
      -5.041431946835374
    ],
    [
      -5.190478234885577,
      0.0702838318999021,
      0.002085846114854301,
      -5.158893189134968,
      -0.0018461161369345952,
      -5.091856822574202
    ],
    [
      -3.1816961790180947,
      -0.034143548575841,
      0.00049878216075496,
      -3.1993778252817275,
      -0.00464420376986688,
      -2.972632314816642
    ],
    [
      -0.5242922564359646,
      -0.006146160894313688,
      0.0009911512322981935,
      -0.5502681453934545,
      -0.012764849396502735,
      -0.545013181131256
    ],
    [
      -0.5243225457882175,
      -0.005943324565612002,
      -0.0014875325497124212,
      -0.5513536226133676,
      0.012564397890989643,
      -0.5439003617476783
    ],
    [
      -0.5202648740109516,
      -0.003944186831468103,
      0.006616208016565511,
      -0.5292425427864463,
      -0.008411774979979627,
      -0.5335018457733512
    ],
    [
      -0.5204201645552471,
      -0.0035545245139439632,
      -0.00692575414801407,
      -0.5299662317306205,
      0.008604002348996938,
      -0.5326071657746931
    ],
    [
      -0.5971204240817344,
      -0.012974808691045524,
      -0.00021119659868649461,
      -0.5833713038813271,
      0.00012761834497926664,
      -0.5857549514669369
    ]
  ],
  "octupoles": [
    [
      -0.43592495481461585,
      -0.3106329870117199,
      -0.007413705330318202,
      -0.22086923795227223,
      0.003867178894962054,
      -0.28412008507807107,
      0.37754616931335816,
      0.004373572640325307,
      0.1167639279605469,
      0.012494742036058881
    ],
    [
      -0.4947951500758681,
      -0.4224544760766998,
      -0.007474968456039671,
      -0.14962188003990376,
      -2.798038390848777e-05,
      -0.116251654762735,
      -0.1609402852705527,
      0.010511209033810767,
      -0.3055397558647247,
      -0.01753128917601057
    ],
    [
      -0.28876010627921705,
      -0.18487011732415132,
      -0.0043216558200318165,
      -0.14209628308787078,
      0.004524907261306132,
      -0.1751342899461367,
      0.7073458212865325,
      -0.003741319377478189,
      0.460435218630338,
      0.03266284336804665
    ],
    [
      0.4411701326860565,
      0.2166071949511046,
      0.006221038581958201,
      0.044509553240871316,
      -0.010255486114172423,
      0.35412897771568946,
      -0.43242497638911637,
      0.0075757093094472,
      -0.39862077722531114,
      -0.03189331393604698
    ],
    [
      -0.20501733333100391,
      0.07728036414776861,
      0.001035463933753356,
      -0.04896550686693545,
      0.001544969664660625,
      -0.15496284632640098,
      -0.10897126350752506,
      -0.00010748714853379497,
      -0.04521067893238442,
      -0.00015292090529073424
    ],
    [
      -0.013050066758439992,
      0.011530957096427938,
      -0.001928688784470063,
      -0.003666060671338171,
      -0.0006598937284599708,
      -0.0008740165458893971,
      0.061742540618992585,
      -0.009177013762111988,
      0.027353395116786743,
      -0.01065678813697553
    ],
    [
      -0.012970487496689888,
      0.0114522720413562,
      0.0025539096395408144,
      -0.003614511641613529,
      0.0007275802817994309,
      -0.0007204155701656587,
      0.06054540611297725,
      0.009483743484915966,
      0.027604233833727298,
      0.014212680736558661
    ],
    [
      0.05599294659242983,
      -0.001719756661123387,
      -0.0017959078596479112,
      0.01342080802648277,
      -0.003346095862311026,
      0.0231761188779155,
      -0.022247651232016115,
      0.005547408716721939,
      -0.013430378734089756,
      0.008419982122238934
    ],
    [
      0.0560513295493489,
      -0.0017214094983092705,
      0.0016110087253088687,
      0.013093806724974892,
      0.0027807350235021415,
      0.023283825671907826,
      -0.021537879307166004,
      -0.005484345119847689,
      -0.01356052820703979,
      -0.010975263670723902
    ],
    [
      0.04595550410721666,
      -0.0021050336978640847,
      -3.5771121193889085e-05,
      0.013510451262513148,
      -0.0003687561994251916,
      0.023761571679752864,
      -0.03559616233461915,
      0.0003320421496320361,
      -0.027369563548418407,
      -0.0021800983362243657
    ]
  ],
  "valence_widths": [
    [
      0.4189937699398738
    ],
    [
      0.41583547357834394
    ],
    [
      0.5236090569734201
    ],
    [
      0.5244945301475114
    ],
    [
      0.4775788191131275
    ],
    [
      0.3895899700696608
    ],
    [
      0.38959022735826127
    ],
    [
      0.38753614881349085
    ],
    [
      0.38753548101858815
    ],
    [
      0.3982462991110577
    ]
  ],
  "radial_moments": [
    [
      33.19372724391627
    ],
    [
      31.884548271392777
    ],
    [
      40.283772726627966
    ],
    [
      40.08874822222774
    ],
    [
      22.294097080436416
    ],
    [
      3.166756643517495
    ],
    [
      3.166767282534168
    ],
    [
      3.0690512880082568
    ],
    [
      3.0690173217641443
    ],
    [
      3.5265317477669367
    ]
  ]
}