{
  "atom_names": [
    "Na"
  ],
  "energy": -161.68637011487388,
  "charges": [
    [
      1.000000000000946
    ]
  ],
  "dipoles": [
    [
      1.7377998996412347e-15,
      1.0949222214659549e-15,
      2.1156850143339012e-16
    ]
  ],
  "quadrupoles": [
    [
      -2.164823946437072,
      -2.8728477658845203e-16,
      1.2758480354829998e-15,
      -2.1648239487629715,
      -5.895020240589922e-15,
      -2.1648239475841025
    ]
  ],
  "octupoles": [
    [
      3.571436154929942e-14,
      8.971535966910996e-14,
      -7.868288492864028e-14,
      -3.8912406664451675e-15,
      -4.702503465276478e-15,
      -1.4845609232269574e-13,
      1.822197058660077e-13,
      -1.1525745380507868e-13,
      3.445530791399432e-14,
      -7.826976324334183e-14
    ]
  ],
  "valence_widths": [
    [
      0.25346756843423557
    ]
  ],
  "radial_moments": [
    [
      8.264275421660022
    ]
  ],
  "core_charges": [
    1.076
  ],
  "shell_charges": [
    -0.07599999999905416
  ],
  "sigma_inv_nm": [
    74.55497716918612
  ]
}