{
  "atom_names": [
    "O",
    "H",
    "H"
  ],
  "energy": -76.34875019583693,
  "charges": [
    [
      -0.8803314119762898
    ],
    [
      0.4401657064198666
    ],
    [
      0.4401657064198632
    ]
  ],
  "dipoles": [
    [
      1.0259319785898753e-14,
      -6.928450501759416e-15,
      0.24111522052387097
    ],
    [
      -2.838915566518829e-16,
      0.030256338617668133,
      0.001479716450487954
    ],
    [
      -5.295909095976277e-17,
      -0.030256338617668715,
      0.001479716450487279
    ]
  ],
  "quadrupoles": [
    [
      -5.1564711544607995,
      -1.6881695364988782e-14,
      4.550531328438244e-15,
      -4.704014703170032,
      4.30052251040545e-15,
      -4.938957946127958
    ],
    [
      -0.2960376985322862,
      -3.6020200175559727e-16,
      8.815486546084641e-16,
      -0.2751787720321956,
      0.002030525149802766,
      -0.28413800186145005
    ],
    [
      -0.2960376985322848,
      6.929730105218784e-17,
      2.862120888472464e-16,
      -0.2751787720322012,
      -0.002030525149803801,
      -0.284138001861447
    ]
  ],
  "octupoles": [
    [
      -1.2436577044353059e-14,
      6.3046572135538e-14,
      0.2972568049500039,
      -1.4501898825967572e-14,
      2.5689940480153337e-15,
      -1.0331224060038232e-14,
      6.450459280560355e-14,
      0.40910814612846325,
      4.020174671707068e-15,
      0.8672729214634214
    ],
    [
      1.934665943639445e-15,
      0.007282694872630555,
      0.01694899368067454,
      -1.0824914147626516e-15,
      -3.1480815766569314e-17,
      -1.0495644545481616e-15,
      0.029403141000054114,
      0.013680262118147548,
      0.012971057703760072,
      0.04946152546234415
    ],
    [
      -3.968725875152357e-15,
      -0.007282694872628282,
      0.016948993680671636,
      -3.0086962146163186e-15,
      -1.4569358102690977e-15,
      -1.7867055007225503e-15,
      -0.02940314100004588,
      0.013680262118147673,
      -0.012971057703756218,
      0.049461525462341144
    ]
  ],
  "valence_widths": [
    [
      0.412665383325445
    ],
    [
      0.3552202891938921
    ],
    [
      0.3552202891938855
    ]
  ],
  "radial_moments": [
    [
      30.770017124177436
    ],
    [
      1.558663860200175
    ],
    [
      1.558663860200101
    ]
  ],
  "core_charges": [
    6.33,
    1,
    1
  ],
  "shell_charges": [
    -7.21033141197629,
    -0.5598342935801335,
    -0.5598342935801368
  ],
  "sigma_inv_nm": [
    45.79320083856024,
    53.19873147062481,
    53.198731470625795
  ]
}