{
  "energy": -99.75164249698426,
  "atoms": [
    "F"
  ],
  "charges": [
    [
      -0.9999999999992455
    ]
  ],
  "dipoles": [
    [
      2.0627990310893622e-14,
      6.395469618448329e-15,
      -1.543100885790889e-15
    ]
  ],
  "quadrupoles": [
    [
      -5.658036378666169,
      3.254161992340204e-14,
      -5.708483879948319e-16,
      -5.658036362182827,
      -1.2789084837109496e-14,
      -5.65803631687528
    ]
  ],
  "octupoles": [
    [
      3.936518826538246e-13,
      1.768411311963888e-13,
      6.468168076889264e-14,
      7.01870629718865e-14,
      -2.6705656795264335e-14,
      9.459965201435374e-14,
      2.2257010209690446e-13,
      2.908398081323068e-14,
      4.93478087206935e-15,
      1.2284210452429163e-14
    ]
  ],
  "valence_charges": [
    [
      -8.224184867956534
    ]
  ],
  "valence_widths": [
    [
      0.3997081365148197
    ]
  ],
  "radial_moments": [
    [
      40.07828489054482
    ]
  ]
}