{
  "energy": -99.75164249698426,
  "atoms": [
    "F"
  ],
  "charges": [
    [
      -0.99999999999918
    ]
  ],
  "dipoles": [
    [
      1.691506383248558e-14,
      7.776567978555964e-15,
      -3.0583805616946157e-15
    ]
  ],
  "quadrupoles": [
    [
      -5.329088069804773,
      2.7842482167999124e-14,
      -4.496783762599074e-16,
      -5.329088069804771,
      -1.082265115189492e-14,
      -5.329088069804777
    ]
  ],
  "octupoles": [
    [
      3.310073652943317e-13,
      1.605454467181779e-13,
      5.595273515555995e-14,
      5.999780694250391e-14,
      -2.3096829680935646e-14,
      8.092663963791377e-14,
      2.0611851451124352e-13,
      2.4886905701342736e-14,
      -4.675941824495621e-16,
      8.707978685440476e-16
    ]
  ],
  "valence_charges": [
    [
      -8.268244097590124
    ]
  ],
  "valence_widths": [
    [
      0.3905999361560471
    ]
  ],
  "radial_moments": [
    [
      35.511926069931334
    ]
  ]
}