{
  "energy": -2572.824911697819,
  "atoms": [
    "Br"
  ],
  "charges": [
    [
      -0.9999999986915895
    ]
  ],
  "dipoles": [
    [
      8.449895610740487e-15,
      1.5040338806222598e-14,
      -5.106003380630224e-15
    ]
  ],
  "quadrupoles": [
    [
      -17.99287165722942,
      1.1207916528780356e-14,
      1.930216215022022e-14,
      -17.99287160421431,
      3.8236832138157513e-14,
      -17.992871787194478
    ]
  ],
  "octupoles": [
    [
      7.182881509643027e-13,
      2.7594168092436493e-13,
      8.994409693500071e-15,
      5.759374462158587e-14,
      -8.884846001003205e-15,
      9.162197225465229e-14,
      7.022188585433149e-13,
      -1.2890191266186616e-13,
      -1.7860989828632177e-14,
      -3.2538305417509303e-13
    ]
  ],
  "valence_charges": [
    [
      -9.801618161656842
    ]
  ],
  "valence_widths": [
    [
      0.6374988547974201
    ]
  ],
  "radial_moments": [
    [
      156.25428396747023
    ]
  ]
}