{
  "energy": -2572.824911697819,
  "atoms": [
    "Br"
  ],
  "charges": [
    [
      -0.9999999986906272
    ]
  ],
  "dipoles": [
    [
      9.99072106052411e-15,
      1.6665926828604448e-14,
      -2.9173585753888134e-14
    ]
  ],
  "quadrupoles": [
    [
      -17.81458596230981,
      1.333097246712448e-14,
      8.249448683742365e-15,
      -17.81458596230863,
      3.729748583571314e-14,
      -17.814585962308243
    ]
  ],
  "octupoles": [
    [
      7.538481540466169e-13,
      2.957959362518281e-13,
      6.6515864407036524e-15,
      5.1461137547504405e-14,
      -1.1614126491488976e-14,
      1.0257011238381255e-13,
      6.872830177196288e-13,
      -1.0925934419174363e-13,
      -1.9582907956569857e-14,
      -2.675397819541457e-13
    ]
  ],
  "valence_charges": [
    [
      -9.829775070981713
    ]
  ],
  "valence_widths": [
    [
      0.6343029042808512
    ]
  ],
  "radial_moments": [
    [
      152.8158059139705
    ]
  ]
}