{
    "Br": {
        "q_c_0": 1.0000000000000002,
        "q_s_0": -2.0,
        "z2_0": 0.7007901335663625,
        "q_c_1": 5.155554203332642,
        "q_s_1": -6.155554203332642,
        "z2_1": 1.3776886808193847,
        "q_c_2": 2.065343710969542,
        "q_s1_2": -2.7805012263735924,
        "q_s2_2": -0.28484248459594935,
        "z1_2": 0.8232466442620063,
        "z2_2": 0.5278063109632775,
        "q_c_3": 7.234269587056338,
        "q_s1_3": -8.144838362164382,
        "q_s2_3": -0.08943122489195725,
        "z1_3": 1.4964504389882538,
        "z2_3": 1.155473038424661
    },
    "F": {
        "q_c_0": 0.10000000000000002,
        "q_s_0": -1.1,
        "z2_0": 0.878660290518234,
        "q_c_1": 1.0000000000000022,
        "q_s_1": -2.000000000000002,
        "z2_1": 1.6230330041546104,
        "q_c_2": 1.2805675185834564,
        "q_s1_2": -2.096581740567601,
        "q_s2_2": -0.18398577801585547,
        "z1_2": 1.1771559540724514,
        "z2_2": 0.6711718671739145,
        "q_c_3": 9.999999999539659,
        "q_s1_3": -10.531110562953046,
        "q_s2_3": -0.4688894365866137,
        "z1_3": 2.9784452401159163,
        "z2_3": 1.810090120309075
    },
    "Cl": {
        "q_c_0": 1.0000000000000002,
        "q_s_0": -2.0,
        "z2_0": 0.7609171308066509,
        "q_c_1": 3.7855369012707287,
        "q_s_1": -4.785536901270729,
        "z2_1": 1.4361872784986847,
        "q_c_2": 1.408226327360443,
        "q_s1_2": -0.17075160230722153,
        "q_s2_2": -2.237474725053221,
        "z1_2": 0.5287286375062441,
        "z2_2": 0.8483514833007452,
        "q_c_3": 7.037070657967372,
        "q_s1_3": -7.933044669072865,
        "q_s2_3": -0.10402598889450802,
        "z1_3": 1.6417284912261056,
        "z2_3": 1.225053570351484
    },
    "Li": {
        "q_c_0": 1.0000016531141063,
        "q_s_0": -1.653114106270337e-06,
        "z2_0": 0.4002211467241648,
        "q_c_1": 1.0000029022678512,
        "q_s_1": -2.902267851156992e-06,
        "z2_1": 0.6868244403610457,
        "q_c_2": 40.68474090772663,
        "q_s1_2": -39.67474087208043,
        "q_s2_2": -0.010000035646197813,
        "z1_2": 3.323355263293147,
        "z2_2": 1.3906468770403162,
        "q_c_3": 2.718421125630557,
        "q_s1_3": -1.7084210812044192,
        "q_s2_3": -0.01000004442613765,
        "z1_3": 9.732098632601115,
        "z2_3": 3.6899140267749004
    },
    "Na": {
        "q_c_0": 1.0001608595351754,
        "q_s_0": -0.00016085953517541718,
        "z2_0": 0.621036759625102,
        "q_c_1": 1.0005171889107076,
        "q_s_1": -0.0005171889107076222,
        "z2_1": 1.2312702086952292,
        "q_c_2": 1.7336798307027874,
        "q_s1_2": -0.7335189622928878,
        "q_s2_2": -0.000160868409899553,
        "z1_2": 2.589711977835255,
        "z2_2": 0.621044445621634,
        "q_c_3": 10.999999966855622,
        "q_s1_3": -9.999982718244608,
        "q_s2_3": -1.7248611013970883e-05,
        "z1_3": 3.9848981960255907,
        "z2_3": 0.7528189222370085
    },
    "K": {
        "q_c_0": 2.033856388386356,
        "q_s_0": -1.033856388386356,
        "z2_0": 1.130276477545646,
        "q_c_1": 19.999999999999996,
        "q_s_1": -18.999999999999996,
        "z2_1": 2.857852487547326,
        "q_c_2": 2.342335633838592,
        "q_s1_2": -1.3419421431680272,
        "q_s2_2": -0.00039349067056483123,
        "z1_2": 1.158960015833105,
        "z2_2": 0.5682879187217958,
        "q_c_3": 19.99999999838804,
        "q_s1_3": -18.999999998374562,
        "q_s2_3": -1.3479902145088843e-11,
        "z1_3": 2.857852498890722,
        "z2_3": 1.9863519676611467
    }
}
